32002,13.08.1987,"81,82%","9,09%","9,09%","0,00%","83,33%","8,33%","0,00%","8,33%","91,67%","8,33%","0,00%","27,27%","0,00%","0,00%","0,00%","36,36%","0,00%","0,00%","9,09%","18,18%","9,09%","0,00%","0,00%",8_12,5_12,1_12,5_12,5_12,5_12,1_12,9_12,9_12,10_12,4_12
32003,14.08.1987,"80,00%","10,00%","10,00%","0,00%","83,33%","8,33%","0,00%","8,33%","91,67%","8,33%","0,00%","20,00%","0,00%","0,00%","0,00%","40,00%","0,00%","0,00%","10,00%","20,00%","10,00%","0,00%","0,00%",8_12,5_12,1_12,5_12,5_12,5_12,1_12,9_12,9_12,10_12,4_12
35026,23.11.1995,"76,92%","15,38%","7,69%","0,00%","75,00%","16,67%","0,00%","8,33%","83,33%","16,67%","0,00%","0,00%","0,00%","0,00%","7,69%","0,00%","0,00%","0,00%","0,00%","76,92%","15,38%","0,00%","0,00%",9_12,9_12,9_12,9_12,9_12,9_12,9_12,4_12,10_12,10_12,4_12
20911,01.04.1957,"73,33%","6,67%","6,67%","13,33%","75,00%","8,33%","8,33%","8,33%","83,33%","8,33%","8,33%","53,33%","0,00%","13,33%","0,00%","13,33%","6,67%","0,00%","6,67%","6,67%","0,00%","0,00%","0,00%",5_12,1_12,1_12,1_12,1_12,3_12,6_12,9_12,5_12,8_12,8_12
17267,10.04.1947,"72,73%","0,00%","0,00%","27,27%","75,00%","0,00%","25,00%","0,00%","75,00%","0,00%","25,00%","36,36%","0,00%","18,18%","0,00%","27,27%","0,00%","9,09%","0,00%","9,09%","0,00%","0,00%","0,00%",5_12,1_12,1_12,1_12,3_12,5_12,9_12,5_12,3_12,7_12,2_12
17631,08.04.1948,"72,73%","9,09%","0,00%","18,18%","75,00%","8,33%","16,67%","0,00%","75,00%","8,33%","16,67%","36,36%","0,00%","9,09%","0,00%","36,36%","0,00%","9,09%","0,00%","0,00%","9,09%","0,00%","0,00%",5_12,1_12,5_12,1_12,1_12,1_12,10_12,5_12,3_12,7_12,1_12
17639,16.04.1948,"72,73%","0,00%","0,00%","27,27%","75,00%","0,00%","25,00%","0,00%","75,00%","0,00%","25,00%","36,36%","0,00%","9,09%","0,00%","18,18%","0,00%","9,09%","0,00%","18,18%","0,00%","9,09%","0,00%",5_12,1_12,9_12,1_12,1_12,1_12,11_12,5_12,3_12,7_12,4_12
20309,08.08.1955,"72,73%","0,00%","18,18%","9,09%","75,00%","0,00%","8,33%","16,67%","91,67%","0,00%","8,33%","18,18%","0,00%","0,00%","9,09%","54,55%","0,00%","9,09%","9,09%","0,00%","0,00%","0,00%","0,00%",5_12,5_12,1_12,5_12,5_12,5_12,5_12,8_12,4_12,7_12,9_12
21019,18.07.1957,"72,73%","9,09%","18,18%","0,00%","66,67%","8,33%","0,00%","25,00%","91,67%","8,33%","0,00%","18,18%","0,00%","0,00%","18,18%","45,45%","9,09%","0,00%","0,00%","9,09%","0,00%","0,00%","0,00%",5_12,4_12,1_12,5_12,5_12,5_12,6_12,9_12,5_12,4_12,4_12
21025,24.07.1957,"72,73%","9,09%","9,09%","9,09%","66,67%","8,33%","16,67%","8,33%","75,00%","8,33%","16,67%","0,00%","0,00%","9,09%","9,09%","63,64%","9,09%","0,00%","0,00%","9,09%","0,00%","0,00%","0,00%",5_12,5_12,3_12,5_12,5_12,5_12,6_12,9_12,5_12,4_12,4_12
21029,28.07.1957,"72,73%","18,18%","9,09%","0,00%","75,00%","16,67%","0,00%","8,33%","83,33%","16,67%","0,00%","0,00%","0,00%","0,00%","9,09%","63,64%","18,18%","0,00%","0,00%","9,09%","0,00%","0,00%","0,00%",5_12,5_12,5_12,5_12,6_12,5_12,6_12,9_12,5_12,4_12,4_12
30400,25.03.1983,"72,73%","9,09%","9,09%","9,09%","75,00%","8,33%","8,33%","8,33%","83,33%","8,33%","8,33%","27,27%","9,09%","0,00%","0,00%","18,18%","0,00%","9,09%","9,09%","27,27%","0,00%","0,00%","0,00%",7_12,1_12,5_12,1_12,2_12,1_12,9_12,8_12,9_12,9_12,10_12
31994,05.08.1987,"72,73%","9,09%","18,18%","0,00%","75,00%","8,33%","0,00%","16,67%","91,67%","8,33%","0,00%","9,09%","0,00%","0,00%","9,09%","27,27%","0,00%","0,00%","9,09%","36,36%","9,09%","0,00%","0,00%",8_12,5_12,9_12,4_12,5_12,5_12,1_12,9_12,9_12,10_12,1_12
17632,09.04.1948,"70,00%","10,00%","0,00%","20,00%","75,00%","8,33%","16,67%","0,00%","75,00%","8,33%","16,67%","40,00%","0,00%","10,00%","0,00%","30,00%","0,00%","10,00%","0,00%","0,00%","10,00%","0,00%","0,00%",5_12,1_12,5_12,1_12,1_12,1_12,10_12,5_12,3_12,7_12,1_12
20310,09.08.1955,"70,00%","0,00%","20,00%","10,00%","75,00%","0,00%","8,33%","16,67%","91,67%","0,00%","8,33%","10,00%","0,00%","0,00%","10,00%","60,00%","0,00%","10,00%","10,00%","0,00%","0,00%","0,00%","0,00%",5_12,5_12,1_12,5_12,5_12,5_12,5_12,8_12,4_12,7_12,9_12
20910,31.03.1957,"70,00%","10,00%","10,00%","10,00%","75,00%","8,33%","8,33%","8,33%","83,33%","8,33%","8,33%","40,00%","0,00%","10,00%","0,00%","20,00%","10,00%","0,00%","10,00%","10,00%","0,00%","0,00%","0,00%",5_12,1_12,1_12,1_12,1_12,3_12,6_12,9_12,5_12,8_12,8_12
21020,19.07.1957,"70,00%","10,00%","20,00%","0,00%","66,67%","8,33%","0,00%","25,00%","91,67%","8,33%","0,00%","10,00%","0,00%","0,00%","20,00%","50,00%","10,00%","0,00%","0,00%","10,00%","0,00%","0,00%","0,00%",5_12,4_12,1_12,5_12,5_12,5_12,6_12,9_12,5_12,4_12,4_12
21021,20.07.1957,"70,00%","10,00%","20,00%","0,00%","66,67%","8,33%","0,00%","25,00%","91,67%","8,33%","0,00%","10,00%","0,00%","0,00%","20,00%","50,00%","10,00%","0,00%","0,00%","10,00%","0,00%","0,00%","0,00%",5_12,4_12,1_12,5_12,5_12,5_12,6_12,9_12,5_12,4_12,4_12
21027,26.07.1957,"70,00%","10,00%","20,00%","0,00%","66,67%","8,33%","0,00%","25,00%","91,67%","8,33%","0,00%","0,00%","0,00%","0,00%","20,00%","60,00%","10,00%","0,00%","0,00%","10,00%","0,00%","0,00%","0,00%",5_12,5_12,4_12,5_12,5_12,5_12,6_12,9_12,5_12,4_12,4_12
30401,26.03.1983,"70,00%","10,00%","10,00%","10,00%","75,00%","8,33%","8,33%","8,33%","83,33%","8,33%","8,33%","30,00%","10,00%","0,00%","0,00%","10,00%","0,00%","10,00%","10,00%","30,00%","0,00%","0,00%","0,00%",7_12,1_12,5_12,1_12,2_12,1_12,9_12,8_12,9_12,9_12,10_12
30409,03.04.1983,"70,00%","10,00%","10,00%","10,00%","75,00%","8,33%","8,33%","8,33%","83,33%","8,33%","8,33%","30,00%","10,00%","0,00%","0,00%","0,00%","0,00%","10,00%","10,00%","40,00%","0,00%","0,00%","0,00%",7_12,1_12,9_12,1_12,2_12,1_12,9_12,8_12,9_12,9_12,10_12
30410,04.04.1983,"70,00%","10,00%","10,00%","10,00%","75,00%","8,33%","8,33%","8,33%","83,33%","8,33%","8,33%","30,00%","10,00%","0,00%","0,00%","0,00%","0,00%","10,00%","10,00%","40,00%","0,00%","0,00%","0,00%",7_12,1_12,9_12,1_12,2_12,1_12,9_12,8_12,9_12,9_12,4_12
31995,06.08.1987,"70,00%","10,00%","20,00%","0,00%","75,00%","8,33%","0,00%","16,67%","91,67%","8,33%","0,00%","10,00%","0,00%","0,00%","10,00%","30,00%","0,00%","0,00%","10,00%","30,00%","10,00%","0,00%","0,00%",8_12,5_12,9_12,4_12,5_12,5_12,1_12,9_12,9_12,10_12,1_12
31997,08.08.1987,"70,00%","20,00%","10,00%","0,00%","66,67%","25,00%","0,00%","8,33%","75,00%","25,00%","0,00%","10,00%","0,00%","0,00%","0,00%","40,00%","0,00%","0,00%","10,00%","20,00%","20,00%","0,00%","0,00%",8_12,5_12,10_12,5_12,5_12,5_12,1_12,9_12,9_12,10_12,1_12
31999,10.08.1987,"70,00%","10,00%","10,00%","10,00%","66,67%","8,33%","16,67%","8,33%","75,00%","8,33%","16,67%","10,00%","0,00%","0,00%","0,00%","40,00%","0,00%","0,00%","10,00%","20,00%","10,00%","10,00%","0,00%",8_12,5_12,11_12,5_12,5_12,5_12,1_12,9_12,9_12,10_12,1_12
32001,12.08.1987,"70,00%","10,00%","20,00%","0,00%","66,67%","8,33%","0,00%","25,00%","91,67%","8,33%","0,00%","10,00%","0,00%","0,00%","0,00%","40,00%","0,00%","0,00%","10,00%","20,00%","10,00%","0,00%","10,00%",8_12,5_12,12_12,5_12,5_12,5_12,1_12,9_12,9_12,10_12,1_12
32005,16.08.1987,"70,00%","20,00%","10,00%","0,00%","66,67%","25,00%","0,00%","8,33%","75,00%","25,00%","0,00%","10,00%","10,00%","0,00%","0,00%","40,00%","0,00%","0,00%","10,00%","20,00%","10,00%","0,00%","0,00%",8_12,5_12,2_12,5_12,5_12,5_12,1_12,9_12,9_12,10_12,4_12
32007,18.08.1987,"70,00%","10,00%","10,00%","10,00%","66,67%","8,33%","16,67%","8,33%","75,00%","8,33%","16,67%","10,00%","0,00%","10,00%","0,00%","40,00%","0,00%","0,00%","10,00%","20,00%","10,00%","0,00%","0,00%",8_12,5_12,3_12,5_12,5_12,5_12,1_12,9_12,9_12,10_12,4_12
35027,24.11.1995,"70,00%","20,00%","10,00%","0,00%","75,00%","16,67%","0,00%","8,33%","83,33%","16,67%","0,00%","0,00%","0,00%","0,00%","10,00%","0,00%","0,00%","0,00%","0,00%","70,00%","20,00%","0,00%","0,00%",9_12,9_12,9_12,9_12,9_12,9_12,9_12,4_12,10_12,10_12,4_12
20900,21.03.1957,"69,23%","7,69%","15,38%","7,69%","66,67%","8,33%","8,33%","16,67%","83,33%","8,33%","8,33%","30,77%","0,00%","7,69%","0,00%","15,38%","7,69%","0,00%","7,69%","23,08%","0,00%","0,00%","7,69%",5_12,1_12,9_12,1_12,12_12,3_12,6_12,9_12,5_12,8_12,4_12
30408,02.04.1983,"68,75%","6,25%","12,50%","12,50%","75,00%","8,33%","8,33%","8,33%","83,33%","8,33%","8,33%","18,75%","6,25%","0,00%","0,00%","0,00%","0,00%","12,50%","12,50%","50,00%","0,00%","0,00%","0,00%",7_12,1_12,9_12,1_12,2_12,1_12,9_12,8_12,9_12,9_12,10_12
17247,21.03.1947,"66,67%","8,33%","8,33%","16,67%","66,67%","8,33%","16,67%","8,33%","75,00%","8,33%","16,67%","16,67%","8,33%","8,33%","0,00%","41,67%","0,00%","8,33%","0,00%","8,33%","0,00%","0,00%","8,33%",5_12,1_12,5_12,12_12,2_12,5_12,9_12,5_12,3_12,7_12,4_12
20473,19.01.1956,"66,67%","8,33%","16,67%","8,33%","58,33%","16,67%","8,33%","16,67%","75,00%","16,67%","8,33%","16,67%","0,00%","0,00%","0,00%","33,33%","0,00%","0,00%","8,33%","16,67%","8,33%","8,33%","8,33%",5_12,10_12,1_12,11_12,12_12,9_12,5_12,9_12,5_12,8_12,4_12
20912,02.04.1957,"66,67%","13,33%","13,33%","6,67%","75,00%","8,33%","8,33%","8,33%","83,33%","8,33%","8,33%","26,67%","0,00%","6,67%","0,00%","26,67%","13,33%","0,00%","13,33%","13,33%","0,00%","0,00%","0,00%",5_12,1_12,1_12,1_12,1_12,3_12,6_12,9_12,5_12,8_12,8_12
31996,07.08.1987,"66,67%","25,00%","8,33%","0,00%","66,67%","25,00%","0,00%","8,33%","75,00%","25,00%","0,00%","8,33%","0,00%","0,00%","0,00%","41,67%","0,00%","0,00%","8,33%","16,67%","25,00%","0,00%","0,00%",8_12,5_12,10_12,5_12,5_12,5_12,1_12,9_12,9_12,10_12,1_12
35163,08.04.1996,"66,67%","16,67%","0,00%","16,67%","66,67%","16,67%","16,67%","0,00%","66,67%","16,67%","16,67%","41,67%","0,00%","8,33%","0,00%","0,00%","0,00%","0,00%","0,00%","25,00%","16,67%","8,33%","0,00%",9_12,1_12,9_12,1_12,3_12,1_12,10_12,1_12,11_12,10_12,4_12
32357,02.08.1988,"64,29%","14,29%","7,14%","14,29%","66,67%","8,33%","16,67%","8,33%","75,00%","8,33%","16,67%","21,43%","0,00%","14,29%","0,00%","14,29%","0,00%","0,00%","7,14%","28,57%","14,29%","0,00%","0,00%",8_12,5_12,1_12,5_12,3_12,1_12,3_12,9_12,9_12,10_12,12_12
14616,06.01.1940,"63,64%","27,27%","0,00%","9,09%","58,33%","33,33%","8,33%","0,00%","58,33%","33,33%","8,33%","27,27%","9,09%","0,00%","0,00%","9,09%","9,09%","0,00%","0,00%","27,27%","9,09%","9,09%","0,00%",5_12,10_12,9_12,9_12,11_12,1_12,1_12,1_12,2_12,6_12,7_12
14654,13.02.1940,"63,64%","18,18%","9,09%","9,09%","58,33%","16,67%","16,67%","8,33%","66,67%","16,67%","16,67%","54,55%","9,09%","0,00%","0,00%","9,09%","9,09%","0,00%","0,00%","0,00%","0,00%","9,09%","9,09%",5_12,11_12,1_12,12_12,1_12,1_12,1_12,1_12,2_12,6_12,7_12
16785,14.12.1945,"63,64%","0,00%","9,09%","27,27%","66,67%","0,00%","25,00%","8,33%","75,00%","0,00%","25,00%","18,18%","0,00%","9,09%","9,09%","18,18%","0,00%","18,18%","0,00%","27,27%","0,00%","0,00%","0,00%",5_12,9_12,1_12,9_12,9_12,5_12,7_12,4_12,3_12,7_12,4_12
17212,14.02.1947,"63,64%","0,00%","9,09%","27,27%","58,33%","0,00%","33,33%","8,33%","66,67%","0,00%","33,33%","27,27%","0,00%","9,09%","0,00%","27,27%","0,00%","9,09%","0,00%","9,09%","0,00%","9,09%","9,09%",5_12,11_12,1_12,12_12,1_12,5_12,9_12,5_12,3_12,7_12,2_12
17221,23.02.1947,"63,64%","0,00%","9,09%","27,27%","58,33%","0,00%","25,00%","16,67%","75,00%","0,00%","25,00%","9,09%","0,00%","9,09%","0,00%","45,45%","0,00%","9,09%","0,00%","9,09%","0,00%","9,09%","9,09%",5_12,12_12,5_12,11_12,1_12,5_12,9_12,5_12,3_12,7_12,4_12
17266,09.04.1947,"63,64%","0,00%","9,09%","27,27%","66,67%","0,00%","25,00%","8,33%","75,00%","0,00%","25,00%","27,27%","0,00%","18,18%","0,00%","27,27%","0,00%","9,09%","0,00%","9,09%","0,00%","0,00%","9,09%",5_12,1_12,1_12,12_12,3_12,5_12,9_12,5_12,3_12,7_12,2_12
17275,18.04.1947,"63,64%","0,00%","9,09%","27,27%","66,67%","0,00%","25,00%","8,33%","75,00%","0,00%","25,00%","18,18%","0,00%","18,18%","9,09%","36,36%","0,00%","9,09%","0,00%","9,09%","0,00%","0,00%","0,00%",5_12,1_12,5_12,1_12,3_12,5_12,9_12,4_12,3_12,7_12,4_12
17384,05.08.1947,"63,64%","0,00%","9,09%","27,27%","66,67%","0,00%","25,00%","8,33%","75,00%","0,00%","25,00%","0,00%","0,00%","9,09%","9,09%","54,55%","0,00%","18,18%","0,00%","9,09%","0,00%","0,00%","0,00%",5_12,5_12,5_12,5_12,4_12,7_12,9_12,5_12,3_12,7_12,2_12
17392,13.08.1947,"63,64%","0,00%","9,09%","27,27%","66,67%","0,00%","25,00%","8,33%","75,00%","0,00%","25,00%","0,00%","0,00%","9,09%","9,09%","36,36%","0,00%","18,18%","0,00%","27,27%","0,00%","0,00%","0,00%",5_12,5_12,9_12,5_12,4_12,7_12,9_12,5_12,3_12,7_12,4_12
17627,04.04.1948,"63,64%","9,09%","0,00%","27,27%","58,33%","8,33%","33,33%","0,00%","58,33%","8,33%","33,33%","36,36%","0,00%","18,18%","0,00%","27,27%","0,00%","9,09%","0,00%","0,00%","9,09%","0,00%","0,00%",5_12,1_12,3_12,1_12,1_12,1_12,10_12,5_12,3_12,7_12,1_12
19098,14.04.1952,"63,64%","0,00%","18,18%","18,18%","66,67%","0,00%","16,67%","16,67%","83,33%","0,00%","16,67%","36,36%","0,00%","0,00%","9,09%","9,09%","0,00%","18,18%","9,09%","18,18%","0,00%","0,00%","0,00%",5_12,1_12,9_12,1_12,1_12,8_12,1_12,7_12,4_12,7_12,11_12
20303,02.08.1955,"63,64%","9,09%","18,18%","9,09%","58,33%","16,67%","8,33%","16,67%","75,00%","16,67%","8,33%","0,00%","0,00%","0,00%","9,09%","63,64%","0,00%","9,09%","9,09%","0,00%","9,09%","0,00%","0,00%",5_12,5_12,10_12,5_12,5_12,5_12,5_12,8_12,4_12,7_12,9_12
20318,17.08.1955,"63,64%","9,09%","18,18%","9,09%","66,67%","8,33%","8,33%","16,67%","83,33%","8,33%","8,33%","0,00%","0,00%","0,00%","9,09%","63,64%","9,09%","9,09%","9,09%","0,00%","0,00%","0,00%","0,00%",5_12,5_12,5_12,6_12,5_12,5_12,5_12,8_12,4_12,7_12,4_12
20482,28.01.1956,"63,64%","0,00%","18,18%","18,18%","58,33%","0,00%","25,00%","16,67%","75,00%","0,00%","25,00%","0,00%","0,00%","0,00%","0,00%","45,45%","0,00%","0,00%","9,09%","18,18%","0,00%","18,18%","9,09%",5_12,11_12,5_12,11_12,12_12,9_12,5_12,9_12,5_12,8_12,4_12
20500,15.02.1956,"63,64%","0,00%","27,27%","9,09%","58,33%","0,00%","16,67%","25,00%","83,33%","0,00%","16,67%","27,27%","0,00%","0,00%","18,18%","18,18%","0,00%","0,00%","9,09%","18,18%","0,00%","9,09%","0,00%",5_12,11_12,1_12,4_12,1_12,9_12,5_12,9_12,4_12,8_12,4_12
20509,24.02.1956,"63,64%","0,00%","27,27%","9,09%","58,33%","0,00%","8,33%","33,33%","91,67%","0,00%","8,33%","9,09%","0,00%","0,00%","9,09%","36,36%","0,00%","0,00%","9,09%","18,18%","0,00%","9,09%","9,09%",5_12,12_12,5_12,11_12,1_12,9_12,5_12,9_12,4_12,8_12,4_12
20555,10.04.1956,"63,64%","9,09%","9,09%","18,18%","66,67%","8,33%","16,67%","8,33%","75,00%","8,33%","16,67%","36,36%","0,00%","9,09%","9,09%","18,18%","0,00%","9,09%","0,00%","9,09%","9,09%","0,00%","0,00%",5_12,1_12,1_12,1_12,3_12,10_12,5_12,9_12,4_12,7_12,9_12
20810,21.12.1956,"63,64%","18,18%","9,09%","9,09%","66,67%","16,67%","8,33%","8,33%","75,00%","16,67%","8,33%","9,09%","0,00%","0,00%","0,00%","27,27%","9,09%","9,09%","9,09%","27,27%","9,09%","0,00%","0,00%",6_12,9_12,5_12,10_12,9_12,1_12,7_12,9_12,5_12,8_12,4_12
20919,09.04.1957,"63,64%","18,18%","9,09%","9,09%","66,67%","16,67%","8,33%","8,33%","75,00%","16,67%","8,33%","18,18%","9,09%","9,09%","0,00%","36,36%","9,09%","0,00%","9,09%","9,09%","0,00%","0,00%","0,00%",5_12,1_12,5_12,2_12,1_12,3_12,6_12,9_12,5_12,8_12,4_12
21010,09.07.1957,"63,64%","9,09%","18,18%","9,09%","58,33%","8,33%","8,33%","25,00%","83,33%","8,33%","8,33%","0,00%","0,00%","0,00%","18,18%","36,36%","9,09%","9,09%","0,00%","27,27%","0,00%","0,00%","0,00%",5_12,4_12,9_12,4_12,5_12,5_12,6_12,9_12,5_12,7_12,4_12
21026,25.07.1957,"63,64%","9,09%","27,27%","0,00%","66,67%","8,33%","0,00%","25,00%","91,67%","8,33%","0,00%","0,00%","0,00%","0,00%","27,27%","54,55%","9,09%","0,00%","0,00%","9,09%","0,00%","0,00%","0,00%",5_12,5_12,4_12,5_12,5_12,5_12,6_12,9_12,5_12,4_12,4_12
21037,05.08.1957,"63,64%","27,27%","0,00%","9,09%","66,67%","25,00%","8,33%","0,00%","66,67%","25,00%","8,33%","0,00%","0,00%","0,00%","0,00%","36,36%","27,27%","9,09%","0,00%","27,27%","0,00%","0,00%","0,00%",5_12,5_12,9_12,6_12,6_12,5_12,6_12,9_12,5_12,7_12,8_12
21311,06.05.1958,"63,64%","9,09%","18,18%","9,09%","58,33%","16,67%","8,33%","16,67%","75,00%","16,67%","8,33%","27,27%","9,09%","0,00%","0,00%","18,18%","0,00%","9,09%","9,09%","18,18%","0,00%","0,00%","9,09%",5_12,2_12,9_12,1_12,1_12,12_12,7_12,9_12,5_12,8_12,8_12
21512,23.11.1958,"63,64%","18,18%","18,18%","0,00%","66,67%","16,67%","0,00%","16,67%","83,33%","16,67%","0,00%","9,09%","9,09%","0,00%","0,00%","9,09%","9,09%","0,00%","18,18%","45,45%","0,00%","0,00%","0,00%",6_12,9_12,1_12,9_12,9_12,2_12,8_12,9_12,5_12,8_12,4_12
21529,10.12.1958,"63,64%","18,18%","18,18%","0,00%","66,67%","16,67%","0,00%","16,67%","83,33%","16,67%","0,00%","0,00%","9,09%","0,00%","0,00%","9,09%","9,09%","0,00%","18,18%","54,55%","0,00%","0,00%","0,00%",6_12,9_12,9_12,9_12,9_12,2_12,8_12,9_12,5_12,8_12,4_12
21903,19.12.1959,"63,64%","18,18%","18,18%","0,00%","66,67%","16,67%","0,00%","16,67%","83,33%","16,67%","0,00%","0,00%","0,00%","0,00%","0,00%","27,27%","9,09%","0,00%","18,18%","36,36%","9,09%","0,00%","0,00%",6_12,9_12,5_12,9_12,8_12,9_12,9_12,10_12,5_12,8_12,6_12
23342,27.11.1963,"63,64%","18,18%","9,09%","9,09%","66,67%","16,67%","8,33%","8,33%","75,00%","16,67%","8,33%","27,27%","0,00%","0,00%","0,00%","0,00%","18,18%","0,00%","9,09%","36,36%","0,00%","9,09%","0,00%",6_12,9_12,1_12,9_12,9_12,9_12,1_12,11_12,6_12,8_12,4_12
24937,09.04.1968,"63,64%","27,27%","9,09%","0,00%","66,67%","25,00%","0,00%","8,33%","75,00%","25,00%","0,00%","45,45%","9,09%","0,00%","0,00%","18,18%","18,18%","0,00%","9,09%","0,00%","0,00%","0,00%","0,00%",6_12,1_12,5_12,1_12,1_12,2_12,5_12,1_12,6_12,8_12,4_12
24944,16.04.1968,"63,64%","27,27%","9,09%","0,00%","66,67%","25,00%","0,00%","8,33%","75,00%","25,00%","0,00%","36,36%","9,09%","0,00%","0,00%","9,09%","18,18%","0,00%","9,09%","18,18%","0,00%","0,00%","0,00%",6_12,1_12,9_12,1_12,1_12,2_12,5_12,1_12,6_12,8_12,4_12
25300,07.04.1969,"63,64%","18,18%","9,09%","9,09%","66,67%","16,67%","8,33%","8,33%","75,00%","16,67%","8,33%","36,36%","0,00%","0,00%","0,00%","0,00%","18,18%","9,09%","9,09%","27,27%","0,00%","0,00%","0,00%",6_12,1_12,9_12,1_12,1_12,9_12,6_12,1_12,7_12,8_12,1_12
26265,28.11.1971,"63,64%","0,00%","9,09%","27,27%","66,67%","0,00%","25,00%","8,33%","75,00%","0,00%","25,00%","18,18%","0,00%","9,09%","0,00%","0,00%","0,00%","18,18%","0,00%","45,45%","0,00%","0,00%","9,09%",7_12,9_12,1_12,9_12,9_12,12_12,9_12,3_12,7_12,9_12,4_12
26520,09.08.1972,"63,64%","0,00%","9,09%","27,27%","66,67%","0,00%","25,00%","8,33%","75,00%","0,00%","25,00%","0,00%","0,00%","9,09%","9,09%","45,45%","0,00%","18,18%","0,00%","18,18%","0,00%","0,00%","0,00%",7_12,5_12,5_12,5_12,4_12,5_12,9_12,3_12,7_12,9_12,10_12
27376,13.12.1974,"63,64%","0,00%","27,27%","9,09%","66,67%","0,00%","8,33%","25,00%","91,67%","0,00%","8,33%","0,00%","0,00%","0,00%","9,09%","0,00%","0,00%","9,09%","9,09%","63,64%","0,00%","0,00%","9,09%",7_12,9_12,9_12,9_12,9_12,9_12,12_12,4_12,8_12,9_12,4_12
27731,03.12.1975,"63,64%","0,00%","9,09%","27,27%","66,67%","0,00%","25,00%","8,33%","75,00%","0,00%","25,00%","9,09%","0,00%","9,09%","0,00%","9,09%","0,00%","18,18%","9,09%","45,45%","0,00%","0,00%","0,00%",7_12,9_12,9_12,9_12,7_12,3_12,1_12,5_12,8_12,9_12,8_12
27968,27.07.1976,"63,64%","18,18%","9,09%","9,09%","66,67%","16,67%","8,33%","8,33%","75,00%","16,67%","8,33%","0,00%","9,09%","0,00%","9,09%","54,55%","9,09%","9,09%","0,00%","9,09%","0,00%","0,00%","0,00%",7_12,5_12,5_12,5_12,5_12,6_12,2_12,5_12,4_12,9_12,4_12
28087,23.11.1976,"63,64%","18,18%","9,09%","9,09%","66,67%","16,67%","8,33%","8,33%","75,00%","16,67%","8,33%","0,00%","9,09%","0,00%","0,00%","9,09%","0,00%","9,09%","9,09%","54,55%","9,09%","0,00%","0,00%",7_12,9_12,9_12,9_12,10_12,9_12,2_12,5_12,8_12,9_12,4_12
28214,30.03.1977,"63,64%","9,09%","18,18%","9,09%","66,67%","8,33%","8,33%","16,67%","83,33%","8,33%","8,33%","27,27%","9,09%","0,00%","0,00%","27,27%","0,00%","9,09%","9,09%","9,09%","0,00%","0,00%","9,09%",7_12,1_12,5_12,1_12,1_12,12_12,2_12,5_12,8_12,9_12,4_12
28571,22.03.1978,"63,64%","0,00%","18,18%","18,18%","66,67%","0,00%","16,67%","16,67%","83,33%","0,00%","16,67%","36,36%","0,00%","9,09%","9,09%","18,18%","0,00%","9,09%","9,09%","9,09%","0,00%","0,00%","0,00%",7_12,1_12,5_12,1_12,1_12,4_12,3_12,5_12,8_12,9_12,4_12
28578,29.03.1978,"63,64%","0,00%","18,18%","18,18%","66,67%","0,00%","16,67%","16,67%","83,33%","0,00%","16,67%","27,27%","0,00%","9,09%","9,09%","9,09%","0,00%","9,09%","9,09%","27,27%","0,00%","0,00%","0,00%",7_12,1_12,9_12,1_12,1_12,4_12,3_12,5_12,8_12,9_12,4_12
28597,17.04.1978,"63,64%","9,09%","18,18%","9,09%","66,67%","8,33%","8,33%","16,67%","83,33%","8,33%","8,33%","18,18%","9,09%","0,00%","9,09%","36,36%","0,00%","9,09%","9,09%","9,09%","0,00%","0,00%","0,00%",7_12,1_12,5_12,1_12,2_12,5_12,4_12,5_12,8_12,9_12,4_12
28833,09.12.1978,"63,64%","9,09%","18,18%","9,09%","66,67%","8,33%","8,33%","16,67%","83,33%","8,33%","8,33%","18,18%","0,00%","0,00%","0,00%","9,09%","9,09%","9,09%","18,18%","36,36%","0,00%","0,00%","0,00%",7_12,9_12,1_12,9_12,8_12,9_12,5_12,6_12,8_12,9_12,6_12
28970,25.04.1979,"63,64%","18,18%","9,09%","9,09%","58,33%","25,00%","8,33%","8,33%","66,67%","25,00%","8,33%","45,45%","9,09%","0,00%","0,00%","9,09%","9,09%","9,09%","9,09%","9,09%","0,00%","0,00%","0,00%",7_12,2_12,1_12,1_12,1_12,1_12,5_12,6_12,8_12,9_12,4_12
28979,04.05.1979,"63,64%","18,18%","9,09%","9,09%","58,33%","25,00%","8,33%","8,33%","66,67%","25,00%","8,33%","27,27%","9,09%","0,00%","0,00%","27,27%","9,09%","9,09%","9,09%","9,09%","0,00%","0,00%","0,00%",7_12,2_12,5_12,1_12,1_12,1_12,5_12,6_12,8_12,9_12,4_12
29071,04.08.1979,"63,64%","9,09%","9,09%","18,18%","66,67%","8,33%","16,67%","8,33%","75,00%","8,33%","16,67%","0,00%","0,00%","9,09%","0,00%","36,36%","9,09%","9,09%","9,09%","27,27%","0,00%","0,00%","0,00%",7_12,5_12,9_12,5_12,5_12,3_12,5_12,6_12,8_12,9_12,6_12
29689,13.04.1981,"63,64%","0,00%","9,09%","27,27%","66,67%","0,00%","25,00%","8,33%","75,00%","0,00%","25,00%","36,36%","0,00%","0,00%","0,00%","18,18%","0,00%","27,27%","9,09%","9,09%","0,00%","0,00%","0,00%",7_12,1_12,5_12,1_12,1_12,1_12,7_12,7_12,8_12,9_12,4_12
30282,27.11.1982,"63,64%","9,09%","9,09%","18,18%","66,67%","8,33%","16,67%","8,33%","75,00%","8,33%","16,67%","18,18%","0,00%","0,00%","0,00%","0,00%","0,00%","18,18%","9,09%","45,45%","9,09%","0,00%","0,00%",7_12,9_12,1_12,9_12,9_12,10_12,8_12,7_12,9_12,9_12,4_12
30290,05.12.1982,"63,64%","9,09%","18,18%","9,09%","66,67%","8,33%","8,33%","16,67%","83,33%","8,33%","8,33%","0,00%","0,00%","0,00%","0,00%","18,18%","0,00%","9,09%","18,18%","45,45%","9,09%","0,00%","0,00%",7_12,9_12,5_12,9_12,9_12,10_12,8_12,8_12,9_12,9_12,4_12
30373,26.02.1983,"63,64%","0,00%","18,18%","18,18%","58,33%","0,00%","16,67%","25,00%","83,33%","0,00%","16,67%","27,27%","0,00%","0,00%","0,00%","9,09%","0,00%","9,09%","9,09%","27,27%","0,00%","9,09%","9,09%",7_12,12_12,5_12,11_12,1_12,1_12,9_12,8_12,9_12,9_12,4_12
30381,06.03.1983,"63,64%","0,00%","18,18%","18,18%","58,33%","0,00%","16,67%","25,00%","83,33%","0,00%","16,67%","18,18%","0,00%","0,00%","0,00%","0,00%","0,00%","9,09%","9,09%","45,45%","0,00%","9,09%","9,09%",7_12,12_12,9_12,11_12,1_12,1_12,9_12,8_12,9_12,9_12,4_12
30391,16.03.1983,"63,64%","0,00%","27,27%","9,09%","58,33%","0,00%","8,33%","33,33%","91,67%","0,00%","8,33%","36,36%","0,00%","0,00%","0,00%","0,00%","0,00%","9,09%","9,09%","27,27%","0,00%","0,00%","18,18%",7_12,12_12,1_12,12_12,1_12,1_12,9_12,8_12,9_12,9_12,4_12
30399,24.03.1983,"63,64%","9,09%","18,18%","9,09%","58,33%","8,33%","8,33%","25,00%","83,33%","8,33%","8,33%","36,36%","9,09%","0,00%","9,09%","0,00%","0,00%","9,09%","9,09%","27,27%","0,00%","0,00%","0,00%",7_12,1_12,4_12,1_12,2_12,1_12,9_12,8_12,9_12,9_12,10_12
30564,05.09.1983,"63,64%","9,09%","9,09%","18,18%","58,33%","16,67%","16,67%","8,33%","66,67%","16,67%","16,67%","0,00%","0,00%","0,00%","0,00%","36,36%","9,09%","18,18%","9,09%","27,27%","0,00%","0,00%","0,00%",7_12,6_12,5_12,7_12,5_12,5_12,9_12,8_12,9_12,9_12,10_12
30646,26.11.1983,"63,64%","0,00%","18,18%","18,18%","66,67%","0,00%","16,67%","16,67%","83,33%","0,00%","16,67%","0,00%","0,00%","0,00%","0,00%","18,18%","0,00%","18,18%","18,18%","45,45%","0,00%","0,00%","0,00%",8_12,9_12,5_12,9_12,7_12,7_12,9_12,8_12,9_12,9_12,4_12
30654,04.12.1983,"63,64%","0,00%","18,18%","18,18%","66,67%","0,00%","16,67%","16,67%","83,33%","0,00%","16,67%","0,00%","0,00%","0,00%","0,00%","0,00%","0,00%","18,18%","18,18%","63,64%","0,00%","0,00%","0,00%",8_12,9_12,9_12,9_12,7_12,7_12,9_12,8_12,9_12,9_12,10_12
31385,04.12.1985,"63,64%","9,09%","9,09%","18,18%","66,67%","8,33%","16,67%","8,33%","75,00%","8,33%","16,67%","0,00%","0,00%","0,00%","0,00%","9,09%","0,00%","9,09%","9,09%","54,55%","9,09%","9,09%","0,00%",8_12,9_12,5_12,9_12,9_12,7_12,11_12,9_12,9_12,10_12,2_12
31401,20.12.1985,"63,64%","9,09%","18,18%","9,09%","66,67%","8,33%","8,33%","16,67%","83,33%","8,33%","8,33%","18,18%","0,00%","0,00%","0,00%","0,00%","0,00%","0,00%","18,18%","45,45%","9,09%","9,09%","0,00%",8_12,9_12,1_12,9_12,9_12,8_12,11_12,9_12,9_12,10_12,4_12
31493,22.03.1986,"63,64%","9,09%","27,27%","0,00%","66,67%","8,33%","0,00%","25,00%","91,67%","8,33%","0,00%","18,18%","0,00%","0,00%","0,00%","18,18%","0,00%","0,00%","9,09%","27,27%","9,09%","0,00%","18,18%",8_12,1_12,5_12,12_12,1_12,9_12,12_12,9_12,9_12,10_12,4_12
31884,17.04.1987,"63,64%","9,09%","18,18%","9,09%","66,67%","8,33%","8,33%","16,67%","83,33%","8,33%","8,33%","27,27%","0,00%","9,09%","0,00%","0,00%","0,00%","0,00%","9,09%","36,36%","9,09%","0,00%","9,09%",8_12,1_12,9_12,1_12,12_12,3_12,1_12,9_12,9_12,10_12,4_12
31893,26.04.1987,"63,64%","18,18%","9,09%","9,09%","58,33%","25,00%","8,33%","8,33%","66,67%","25,00%","8,33%","45,45%","9,09%","9,09%","0,00%","0,00%","0,00%","0,00%","9,09%","18,18%","9,09%","0,00%","0,00%",8_12,2_12,1_12,1_12,1_12,3_12,1_12,9_12,9_12,10_12,4_12
31984,26.07.1987,"63,64%","9,09%","27,27%","0,00%","66,67%","8,33%","0,00%","25,00%","91,67%","8,33%","0,00%","9,09%","0,00%","0,00%","27,27%","36,36%","0,00%","0,00%","0,00%","18,18%","9,09%","0,00%","0,00%",4_12,5_12,5_12,4_12,4_12,5_12,1_12,9_12,9_12,10_12,4_12
31998,09.08.1987,"63,64%","9,09%","9,09%","18,18%","66,67%","8,33%","16,67%","8,33%","75,00%","8,33%","16,67%","9,09%","0,00%","0,00%","0,00%","36,36%","0,00%","0,00%","9,09%","18,18%","9,09%","18,18%","0,00%",8_12,5_12,11_12,5_12,5_12,5_12,1_12,9_12,9_12,10_12,1_12
32000,11.08.1987,"63,64%","9,09%","27,27%","0,00%","66,67%","8,33%","0,00%","25,00%","91,67%","8,33%","0,00%","9,09%","0,00%","0,00%","0,00%","36,36%","0,00%","0,00%","9,09%","18,18%","9,09%","0,00%","18,18%",8_12,5_12,12_12,5_12,5_12,5_12,1_12,9_12,9_12,10_12,1_12
32004,15.08.1987,"63,64%","27,27%","9,09%","0,00%","66,67%","25,00%","0,00%","8,33%","75,00%","25,00%","0,00%","9,09%","18,18%","0,00%","0,00%","36,36%","0,00%","0,00%","9,09%","18,18%","9,09%","0,00%","0,00%",8_12,5_12,2_12,5_12,5_12,5_12,1_12,9_12,9_12,10_12,4_12
32006,17.08.1987,"63,64%","9,09%","9,09%","18,18%","66,67%","8,33%","16,67%","8,33%","75,00%","8,33%","16,67%","9,09%","0,00%","18,18%","0,00%","36,36%","0,00%","0,00%","9,09%","18,18%","9,09%","0,00%","0,00%",8_12,5_12,3_12,5_12,5_12,5_12,1_12,9_12,9_12,10_12,4_12
32104,23.11.1987,"63,64%","9,09%","18,18%","9,09%","66,67%","8,33%","8,33%","16,67%","83,33%","8,33%","8,33%","9,09%","0,00%","0,00%","0,00%","0,00%","0,00%","9,09%","18,18%","54,55%","9,09%","0,00%","0,00%",8_12,9_12,9_12,8_12,9_12,7_12,1_12,9_12,9_12,10_12,4_12
32121,10.12.1987,"63,64%","18,18%","18,18%","0,00%","66,67%","16,67%","0,00%","16,67%","83,33%","16,67%","0,00%","9,09%","0,00%","0,00%","0,00%","18,18%","0,00%","0,00%","18,18%","36,36%","18,18%","0,00%","0,00%",8_12,9_12,5_12,9_12,10_12,8_12,1_12,9_12,9_12,10_12,12_12
32185,12.02.1988,"63,64%","9,09%","9,09%","18,18%","58,33%","8,33%","25,00%","8,33%","66,67%","8,33%","25,00%","18,18%","0,00%","0,00%","0,00%","0,00%","0,00%","0,00%","9,09%","45,45%","9,09%","18,18%","0,00%",8_12,11_12,9_12,11_12,1_12,9_12,1_12,9_12,9_12,10_12,4_12
32366,11.08.1988,"63,64%","9,09%","18,18%","9,09%","66,67%","8,33%","8,33%","16,67%","83,33%","8,33%","8,33%","9,09%","0,00%","9,09%","9,09%","36,36%","0,00%","0,00%","9,09%","18,18%","9,09%","0,00%","0,00%",8_12,5_12,5_12,5_12,4_12,1_12,3_12,9_12,9_12,10_12,12_12
34799,10.04.1995,"63,64%","9,09%","18,18%","9,09%","66,67%","8,33%","8,33%","16,67%","83,33%","8,33%","8,33%","18,18%","0,00%","0,00%","0,00%","27,27%","0,00%","0,00%","0,00%","18,18%","9,09%","9,09%","18,18%",9_12,1_12,5_12,1_12,12_12,5_12,9_12,12_12,11_12,10_12,8_12
35518,29.03.1997,"63,64%","18,18%","0,00%","18,18%","66,67%","16,67%","16,67%","0,00%","66,67%","16,67%","16,67%","36,36%","0,00%","0,00%","0,00%","0,00%","9,09%","0,00%","0,00%","27,27%","9,09%","18,18%","0,00%",9_12,1_12,9_12,1_12,1_12,6_12,11_12,1_12,11_12,10_12,4_12
35875,21.03.1998,"63,64%","0,00%","9,09%","27,27%","66,67%","0,00%","25,00%","8,33%","75,00%","0,00%","25,00%","45,45%","0,00%","0,00%","0,00%","0,00%","0,00%","0,00%","0,00%","18,18%","0,00%","27,27%","9,09%",9_12,1_12,9_12,1_12,11_12,1_12,12_12,1_12,11_12,11_12,4_12
35882,28.03.1998,"63,64%","0,00%","9,09%","27,27%","66,67%","0,00%","25,00%","8,33%","75,00%","0,00%","25,00%","54,55%","0,00%","0,00%","0,00%","0,00%","0,00%","0,00%","0,00%","9,09%","0,00%","27,27%","9,09%",9_12,1_12,1_12,1_12,11_12,1_12,12_12,1_12,11_12,11_12,4_12
35891,06.04.1998,"63,64%","0,00%","9,09%","27,27%","66,67%","0,00%","25,00%","8,33%","75,00%","0,00%","25,00%","36,36%","0,00%","0,00%","0,00%","18,18%","0,00%","0,00%","0,00%","9,09%","0,00%","27,27%","9,09%",9_12,1_12,5_12,1_12,11_12,1_12,12_12,1_12,11_12,11_12,4_12
36137,08.12.1998,"63,64%","0,00%","9,09%","27,27%","66,67%","0,00%","25,00%","8,33%","75,00%","0,00%","25,00%","9,09%","0,00%","0,00%","0,00%","18,18%","0,00%","9,09%","0,00%","36,36%","0,00%","18,18%","9,09%",9_12,9_12,5_12,9_12,9_12,7_12,12_12,1_12,11_12,11_12,5_12
36039,01.09.1998,"62,50%","25,00%","6,25%","6,25%","50,00%","33,33%","8,33%","8,33%","58,33%","33,33%","8,33%","0,00%","6,25%","0,00%","0,00%","37,50%","12,50%","0,00%","0,00%","25,00%","6,25%","6,25%","6,25%",9_12,6_12,9_12,5_12,5_12,5_12,12_12,2_12,11_12,10_12,6_12
21521,02.12.1958,"61,54%","23,08%","15,38%","0,00%","66,67%","16,67%","0,00%","16,67%","83,33%","16,67%","0,00%","0,00%","15,38%","0,00%","0,00%","23,08%","7,69%","0,00%","15,38%","38,46%","0,00%","0,00%","0,00%",6_12,9_12,5_12,9_12,9_12,2_12,8_12,9_12,5_12,8_12,7_12
31991,02.08.1987,"61,54%","15,38%","15,38%","7,69%","58,33%","8,33%","16,67%","16,67%","75,00%","8,33%","16,67%","7,69%","0,00%","0,00%","7,69%","23,08%","0,00%","7,69%","7,69%","30,77%","15,38%","0,00%","0,00%",8_12,5_12,7_12,4_12,5_12,5_12,1_12,9_12,9_12,10_12,1_12
28095,01.12.1976,"61,11%","16,67%","11,11%","11,11%","66,67%","16,67%","8,33%","8,33%","75,00%","16,67%","8,33%","11,11%","5,56%","0,00%","0,00%","5,56%","0,00%","11,11%","11,11%","44,44%","11,11%","0,00%","0,00%",7_12,9_12,1_12,9_12,10_12,9_12,2_12,5_12,8_12,9_12,8_12
14655,14.02.1940,"60,00%","20,00%","10,00%","10,00%","58,33%","16,67%","16,67%","8,33%","66,67%","16,67%","16,67%","50,00%","10,00%","0,00%","0,00%","10,00%","10,00%","0,00%","0,00%","0,00%","0,00%","10,00%","10,00%",5_12,11_12,1_12,12_12,1_12,1_12,1_12,1_12,2_12,6_12,4_12
16786,15.12.1945,"60,00%","0,00%","10,00%","30,00%","66,67%","0,00%","25,00%","8,33%","75,00%","0,00%","25,00%","10,00%","0,00%","10,00%","10,00%","20,00%","0,00%","20,00%","0,00%","30,00%","0,00%","0,00%","0,00%",5_12,9_12,1_12,9_12,9_12,5_12,7_12,4_12,3_12,7_12,4_12
17213,15.02.1947,"60,00%","0,00%","10,00%","30,00%","58,33%","0,00%","33,33%","8,33%","66,67%","0,00%","33,33%","20,00%","0,00%","10,00%","0,00%","30,00%","0,00%","10,00%","0,00%","10,00%","0,00%","10,00%","10,00%",5_12,11_12,1_12,12_12,1_12,5_12,9_12,5_12,3_12,7_12,2_12
17222,24.02.1947,"60,00%","0,00%","10,00%","30,00%","58,33%","0,00%","25,00%","16,67%","75,00%","0,00%","25,00%","10,00%","0,00%","10,00%","0,00%","40,00%","0,00%","10,00%","0,00%","10,00%","0,00%","10,00%","10,00%",5_12,12_12,5_12,11_12,1_12,5_12,9_12,5_12,3_12,7_12,4_12
17229,03.03.1947,"60,00%","0,00%","10,00%","30,00%","58,33%","0,00%","25,00%","16,67%","75,00%","0,00%","25,00%","10,00%","0,00%","10,00%","0,00%","30,00%","0,00%","10,00%","0,00%","20,00%","0,00%","10,00%","10,00%",5_12,12_12,9_12,11_12,1_12,5_12,9_12,5_12,3_12,7_12,2_12
17248,22.03.1947,"60,00%","10,00%","10,00%","20,00%","66,67%","8,33%","16,67%","8,33%","75,00%","8,33%","16,67%","10,00%","10,00%","10,00%","0,00%","40,00%","0,00%","10,00%","0,00%","10,00%","0,00%","0,00%","10,00%",5_12,1_12,5_12,12_12,2_12,5_12,9_12,5_12,3_12,7_12,4_12
17257,31.03.1947,"60,00%","10,00%","10,00%","20,00%","66,67%","8,33%","16,67%","8,33%","75,00%","8,33%","16,67%","10,00%","10,00%","10,00%","0,00%","30,00%","0,00%","10,00%","0,00%","20,00%","0,00%","0,00%","10,00%",5_12,1_12,9_12,12_12,2_12,5_12,9_12,5_12,3_12,7_12,2_12
17269,12.04.1947,"60,00%","10,00%","0,00%","30,00%","58,33%","16,67%","25,00%","0,00%","58,33%","16,67%","25,00%","20,00%","10,00%","20,00%","0,00%","30,00%","0,00%","10,00%","0,00%","10,00%","0,00%","0,00%","0,00%",5_12,1_12,2_12,1_12,3_12,5_12,9_12,5_12,3_12,7_12,4_12
17271,14.04.1947,"60,00%","0,00%","0,00%","40,00%","58,33%","0,00%","41,67%","0,00%","58,33%","0,00%","41,67%","20,00%","0,00%","30,00%","0,00%","30,00%","0,00%","10,00%","0,00%","10,00%","0,00%","0,00%","0,00%",5_12,1_12,3_12,1_12,3_12,5_12,9_12,5_12,3_12,7_12,4_12
17273,16.04.1947,"60,00%","0,00%","10,00%","30,00%","58,33%","0,00%","25,00%","16,67%","75,00%","0,00%","25,00%","20,00%","0,00%","20,00%","10,00%","30,00%","0,00%","10,00%","0,00%","10,00%","0,00%","0,00%","0,00%",5_12,1_12,4_12,1_12,3_12,5_12,9_12,5_12,3_12,7_12,4_12
17276,19.04.1947,"60,00%","0,00%","10,00%","30,00%","66,67%","0,00%","25,00%","8,33%","75,00%","0,00%","25,00%","20,00%","0,00%","20,00%","10,00%","30,00%","0,00%","10,00%","0,00%","10,00%","0,00%","0,00%","0,00%",5_12,1_12,5_12,1_12,3_12,5_12,9_12,4_12,3_12,7_12,4_12
17385,06.08.1947,"60,00%","0,00%","10,00%","30,00%","66,67%","0,00%","25,00%","8,33%","75,00%","0,00%","25,00%","0,00%","0,00%","10,00%","10,00%","50,00%","0,00%","20,00%","0,00%","10,00%","0,00%","0,00%","0,00%",5_12,5_12,5_12,5_12,4_12,7_12,9_12,5_12,3_12,7_12,2_12
17393,14.08.1947,"60,00%","0,00%","10,00%","30,00%","66,67%","0,00%","25,00%","8,33%","75,00%","0,00%","25,00%","0,00%","0,00%","10,00%","10,00%","40,00%","0,00%","20,00%","0,00%","20,00%","0,00%","0,00%","0,00%",5_12,5_12,9_12,5_12,4_12,7_12,9_12,5_12,3_12,7_12,4_12
17394,15.08.1947,"60,00%","0,00%","10,00%","30,00%","66,67%","0,00%","25,00%","8,33%","75,00%","0,00%","25,00%","0,00%","0,00%","10,00%","10,00%","40,00%","0,00%","20,00%","0,00%","20,00%","0,00%","0,00%","0,00%",5_12,5_12,9_12,5_12,4_12,7_12,9_12,5_12,3_12,7_12,4_12
17628,05.04.1948,"60,00%","10,00%","0,00%","30,00%","58,33%","8,33%","33,33%","0,00%","58,33%","8,33%","33,33%","40,00%","0,00%","20,00%","0,00%","20,00%","0,00%","10,00%","0,00%","0,00%","10,00%","0,00%","0,00%",5_12,1_12,3_12,1_12,1_12,1_12,10_12,5_12,3_12,7_12,1_12
17630,07.04.1948,"60,00%","10,00%","10,00%","20,00%","58,33%","8,33%","16,67%","16,67%","75,00%","8,33%","16,67%","40,00%","0,00%","10,00%","10,00%","20,00%","0,00%","10,00%","0,00%","0,00%","10,00%","0,00%","0,00%",5_12,1_12,4_12,1_12,1_12,1_12,10_12,5_12,3_12,7_12,1_12
17634,11.04.1948,"60,00%","20,00%","0,00%","20,00%","58,33%","25,00%","16,67%","0,00%","58,33%","25,00%","16,67%","40,00%","0,00%","10,00%","0,00%","20,00%","10,00%","10,00%","0,00%","0,00%","10,00%","0,00%","0,00%",5_12,1_12,6_12,1_12,1_12,1_12,10_12,5_12,3_12,7_12,1_12
17638,15.04.1948,"60,00%","0,00%","10,00%","30,00%","58,33%","0,00%","25,00%","16,67%","75,00%","0,00%","25,00%","40,00%","0,00%","10,00%","0,00%","20,00%","0,00%","10,00%","10,00%","0,00%","0,00%","10,00%","0,00%",5_12,1_12,8_12,1_12,1_12,1_12,11_12,5_12,3_12,7_12,4_12
19099,15.04.1952,"60,00%","0,00%","20,00%","20,00%","66,67%","0,00%","16,67%","16,67%","83,33%","0,00%","16,67%","40,00%","0,00%","0,00%","10,00%","10,00%","0,00%","20,00%","10,00%","10,00%","0,00%","0,00%","0,00%",5_12,1_12,9_12,1_12,1_12,8_12,1_12,7_12,4_12,7_12,11_12
20301,31.07.1955,"60,00%","0,00%","30,00%","10,00%","66,67%","0,00%","8,33%","25,00%","91,67%","0,00%","8,33%","0,00%","0,00%","0,00%","20,00%","50,00%","0,00%","10,00%","10,00%","10,00%","0,00%","0,00%","0,00%",5_12,5_12,9_12,5_12,4_12,5_12,5_12,8_12,4_12,7_12,4_12
20305,04.08.1955,"60,00%","0,00%","20,00%","20,00%","58,33%","0,00%","25,00%","16,67%","75,00%","0,00%","25,00%","0,00%","0,00%","0,00%","10,00%","60,00%","0,00%","10,00%","10,00%","0,00%","0,00%","10,00%","0,00%",5_12,5_12,11_12,5_12,5_12,5_12,5_12,8_12,4_12,7_12,9_12
20306,05.08.1955,"60,00%","0,00%","20,00%","20,00%","58,33%","0,00%","25,00%","16,67%","75,00%","0,00%","25,00%","0,00%","0,00%","0,00%","10,00%","60,00%","0,00%","10,00%","10,00%","0,00%","0,00%","10,00%","0,00%",5_12,5_12,11_12,5_12,5_12,5_12,5_12,8_12,4_12,7_12,9_12
20308,07.08.1955,"60,00%","0,00%","30,00%","10,00%","58,33%","0,00%","8,33%","33,33%","91,67%","0,00%","8,33%","0,00%","0,00%","0,00%","10,00%","60,00%","0,00%","10,00%","10,00%","0,00%","0,00%","0,00%","10,00%",5_12,5_12,12_12,5_12,5_12,5_12,5_12,8_12,4_12,7_12,9_12
20312,11.08.1955,"60,00%","10,00%","20,00%","10,00%","58,33%","16,67%","8,33%","16,67%","75,00%","16,67%","8,33%","0,00%","10,00%","0,00%","10,00%","60,00%","0,00%","10,00%","10,00%","0,00%","0,00%","0,00%","0,00%",5_12,5_12,2_12,5_12,5_12,5_12,5_12,8_12,4_12,7_12,4_12
20313,12.08.1955,"60,00%","10,00%","20,00%","10,00%","58,33%","16,67%","8,33%","16,67%","75,00%","16,67%","8,33%","0,00%","10,00%","0,00%","10,00%","60,00%","0,00%","10,00%","10,00%","0,00%","0,00%","0,00%","0,00%",5_12,5_12,2_12,5_12,5_12,5_12,5_12,8_12,4_12,7_12,4_12
20315,14.08.1955,"60,00%","0,00%","20,00%","20,00%","58,33%","0,00%","25,00%","16,67%","75,00%","0,00%","25,00%","0,00%","0,00%","10,00%","10,00%","60,00%","0,00%","10,00%","10,00%","0,00%","0,00%","0,00%","0,00%",5_12,5_12,3_12,5_12,5_12,5_12,5_12,8_12,4_12,7_12,4_12
20319,18.08.1955,"60,00%","10,00%","20,00%","10,00%","66,67%","8,33%","8,33%","16,67%","83,33%","8,33%","8,33%","0,00%","0,00%","0,00%","10,00%","60,00%","10,00%","10,00%","10,00%","0,00%","0,00%","0,00%","0,00%",5_12,5_12,5_12,6_12,5_12,5_12,5_12,8_12,4_12,7_12,4_12
20474,20.01.1956,"60,00%","10,00%","20,00%","10,00%","58,33%","16,67%","8,33%","16,67%","75,00%","16,67%","8,33%","10,00%","0,00%","0,00%","0,00%","30,00%","0,00%","0,00%","10,00%","20,00%","10,00%","10,00%","10,00%",5_12,10_12,1_12,11_12,12_12,9_12,5_12,9_12,5_12,8_12,4_12
20475,21.01.1956,"60,00%","10,00%","20,00%","10,00%","58,33%","16,67%","8,33%","16,67%","75,00%","16,67%","8,33%","10,00%","0,00%","0,00%","0,00%","30,00%","0,00%","0,00%","10,00%","20,00%","10,00%","10,00%","10,00%",5_12,10_12,1_12,11_12,12_12,9_12,5_12,9_12,5_12,8_12,4_12
20502,17.02.1956,"60,00%","0,00%","20,00%","20,00%","58,33%","0,00%","25,00%","16,67%","75,00%","0,00%","25,00%","20,00%","0,00%","0,00%","10,00%","20,00%","0,00%","0,00%","10,00%","20,00%","0,00%","20,00%","0,00%",5_12,11_12,1_12,11_12,1_12,9_12,5_12,9_12,4_12,8_12,4_12
20510,25.02.1956,"60,00%","0,00%","30,00%","10,00%","58,33%","0,00%","8,33%","33,33%","91,67%","0,00%","8,33%","10,00%","0,00%","0,00%","10,00%","30,00%","0,00%","0,00%","10,00%","20,00%","0,00%","10,00%","10,00%",5_12,12_12,5_12,11_12,1_12,9_12,5_12,9_12,4_12,8_12,4_12
20545,31.03.1956,"60,00%","20,00%","10,00%","10,00%","66,67%","16,67%","8,33%","8,33%","75,00%","16,67%","8,33%","20,00%","10,00%","0,00%","10,00%","20,00%","0,00%","10,00%","0,00%","20,00%","10,00%","0,00%","0,00%",5_12,1_12,9_12,1_12,2_12,10_12,5_12,9_12,4_12,7_12,9_12
20546,01.04.1956,"60,00%","26,67%","6,67%","6,67%","66,67%","16,67%","8,33%","8,33%","75,00%","16,67%","8,33%","26,67%","13,33%","0,00%","6,67%","13,33%","0,00%","6,67%","0,00%","20,00%","13,33%","0,00%","0,00%",5_12,1_12,9_12,1_12,2_12,10_12,5_12,9_12,4_12,7_12,4_12
20547,02.04.1956,"60,00%","13,33%","13,33%","13,33%","66,67%","16,67%","8,33%","8,33%","75,00%","16,67%","8,33%","13,33%","6,67%","0,00%","13,33%","26,67%","0,00%","13,33%","0,00%","20,00%","6,67%","0,00%","0,00%",5_12,1_12,9_12,1_12,2_12,10_12,5_12,9_12,4_12,7_12,9_12
20556,11.04.1956,"60,00%","10,00%","10,00%","20,00%","66,67%","8,33%","16,67%","8,33%","75,00%","8,33%","16,67%","30,00%","0,00%","10,00%","10,00%","20,00%","0,00%","10,00%","0,00%","10,00%","10,00%","0,00%","0,00%",5_12,1_12,1_12,1_12,3_12,10_12,5_12,9_12,4_12,7_12,9_12
20901,22.03.1957,"60,00%","10,00%","20,00%","10,00%","66,67%","8,33%","8,33%","16,67%","83,33%","8,33%","8,33%","20,00%","0,00%","10,00%","0,00%","20,00%","10,00%","0,00%","10,00%","20,00%","0,00%","0,00%","10,00%",5_12,1_12,9_12,1_12,12_12,3_12,6_12,9_12,5_12,8_12,4_12
20902,23.03.1957,"60,00%","10,00%","20,00%","10,00%","66,67%","8,33%","8,33%","16,67%","83,33%","8,33%","8,33%","20,00%","0,00%","10,00%","0,00%","20,00%","10,00%","0,00%","10,00%","20,00%","0,00%","0,00%","10,00%",5_12,1_12,9_12,1_12,12_12,3_12,6_12,9_12,5_12,8_12,4_12
20906,27.03.1957,"60,00%","10,00%","10,00%","20,00%","58,33%","8,33%","25,00%","8,33%","66,67%","8,33%","25,00%","30,00%","0,00%","10,00%","0,00%","20,00%","10,00%","0,00%","10,00%","10,00%","0,00%","10,00%","0,00%",5_12,1_12,11_12,1_12,1_12,3_12,6_12,9_12,5_12,8_12,4_12
20907,28.03.1957,"60,00%","10,00%","10,00%","20,00%","58,33%","8,33%","25,00%","8,33%","66,67%","8,33%","25,00%","30,00%","0,00%","10,00%","0,00%","20,00%","10,00%","0,00%","10,00%","10,00%","0,00%","10,00%","0,00%",5_12,1_12,11_12,1_12,1_12,3_12,6_12,9_12,5_12,8_12,4_12
20909,30.03.1957,"60,00%","10,00%","20,00%","10,00%","58,33%","8,33%","8,33%","25,00%","83,33%","8,33%","8,33%","30,00%","0,00%","10,00%","0,00%","20,00%","10,00%","0,00%","10,00%","10,00%","0,00%","0,00%","10,00%",5_12,1_12,12_12,1_12,1_12,3_12,6_12,9_12,5_12,8_12,4_12
20914,04.04.1957,"60,00%","20,00%","10,00%","10,00%","58,33%","25,00%","8,33%","8,33%","66,67%","25,00%","8,33%","30,00%","10,00%","10,00%","0,00%","20,00%","10,00%","0,00%","10,00%","10,00%","0,00%","0,00%","0,00%",5_12,1_12,2_12,1_12,1_12,3_12,6_12,9_12,5_12,8_12,4_12
21011,10.07.1957,"60,00%","10,00%","20,00%","10,00%","58,33%","8,33%","8,33%","25,00%","83,33%","8,33%","8,33%","0,00%","0,00%","0,00%","20,00%","40,00%","10,00%","10,00%","0,00%","20,00%","0,00%","0,00%","0,00%",5_12,4_12,9_12,4_12,5_12,5_12,6_12,9_12,5_12,7_12,4_12
21015,14.07.1957,"60,00%","10,00%","20,00%","10,00%","50,00%","8,33%","16,67%","25,00%","75,00%","8,33%","16,67%","0,00%","0,00%","0,00%","20,00%","50,00%","10,00%","0,00%","0,00%","10,00%","0,00%","10,00%","0,00%",5_12,4_12,11_12,5_12,5_12,5_12,6_12,9_12,5_12,4_12,4_12
21016,15.07.1957,"60,00%","10,00%","20,00%","10,00%","50,00%","8,33%","16,67%","25,00%","75,00%","8,33%","16,67%","0,00%","0,00%","0,00%","20,00%","50,00%","10,00%","0,00%","0,00%","10,00%","0,00%","10,00%","0,00%",5_12,4_12,11_12,5_12,5_12,5_12,6_12,9_12,5_12,4_12,4_12
21018,17.07.1957,"60,00%","10,00%","30,00%","0,00%","50,00%","8,33%","0,00%","41,67%","91,67%","8,33%","0,00%","0,00%","0,00%","0,00%","20,00%","50,00%","10,00%","0,00%","0,00%","10,00%","0,00%","0,00%","10,00%",5_12,4_12,12_12,5_12,5_12,5_12,6_12,9_12,5_12,4_12,4_12
21023,22.07.1957,"60,00%","20,00%","20,00%","0,00%","50,00%","25,00%","0,00%","25,00%","75,00%","25,00%","0,00%","0,00%","10,00%","0,00%","20,00%","50,00%","10,00%","0,00%","0,00%","10,00%","0,00%","0,00%","0,00%",5_12,4_12,2_12,5_12,5_12,5_12,6_12,9_12,5_12,4_12,4_12
21031,30.07.1957,"60,00%","30,00%","10,00%","0,00%","58,33%","33,33%","0,00%","8,33%","66,67%","33,33%","0,00%","0,00%","0,00%","0,00%","10,00%","50,00%","30,00%","0,00%","0,00%","10,00%","0,00%","0,00%","0,00%",5_12,5_12,6_12,5_12,6_12,5_12,6_12,9_12,5_12,4_12,4_12
21038,06.08.1957,"60,00%","30,00%","0,00%","10,00%","66,67%","25,00%","8,33%","0,00%","66,67%","25,00%","8,33%","0,00%","0,00%","0,00%","0,00%","40,00%","30,00%","10,00%","0,00%","20,00%","0,00%","0,00%","0,00%",5_12,5_12,9_12,6_12,6_12,5_12,6_12,9_12,5_12,7_12,8_12
21522,03.12.1958,"60,00%","20,00%","20,00%","0,00%","66,67%","16,67%","0,00%","16,67%","83,33%","16,67%","0,00%","0,00%","10,00%","0,00%","0,00%","20,00%","10,00%","0,00%","20,00%","40,00%","0,00%","0,00%","0,00%",6_12,9_12,5_12,9_12,9_12,2_12,8_12,9_12,5_12,8_12,7_12
21530,11.12.1958,"60,00%","20,00%","20,00%","0,00%","66,67%","16,67%","0,00%","16,67%","83,33%","16,67%","0,00%","0,00%","10,00%","0,00%","0,00%","10,00%","10,00%","0,00%","20,00%","50,00%","0,00%","0,00%","0,00%",6_12,9_12,9_12,9_12,9_12,2_12,8_12,9_12,5_12,8_12,4_12
21904,20.12.1959,"60,00%","20,00%","20,00%","0,00%","66,67%","16,67%","0,00%","16,67%","83,33%","16,67%","0,00%","0,00%","0,00%","0,00%","0,00%","20,00%","10,00%","0,00%","20,00%","40,00%","10,00%","0,00%","0,00%",6_12,9_12,5_12,9_12,8_12,9_12,9_12,10_12,5_12,8_12,6_12
23343,28.11.1963,"60,00%","20,00%","10,00%","10,00%","66,67%","16,67%","8,33%","8,33%","75,00%","16,67%","8,33%","20,00%","0,00%","0,00%","0,00%","0,00%","20,00%","0,00%","10,00%","40,00%","0,00%","10,00%","0,00%",6_12,9_12,1_12,9_12,9_12,9_12,1_12,11_12,6_12,8_12,4_12
24945,17.04.1968,"60,00%","30,00%","10,00%","0,00%","66,67%","25,00%","0,00%","8,33%","75,00%","25,00%","0,00%","40,00%","10,00%","0,00%","0,00%","10,00%","20,00%","0,00%","10,00%","10,00%","0,00%","0,00%","0,00%",6_12,1_12,9_12,1_12,1_12,2_12,5_12,1_12,6_12,8_12,4_12
25294,01.04.1969,"60,00%","26,67%","6,67%","6,67%","50,00%","33,33%","8,33%","8,33%","58,33%","33,33%","8,33%","46,67%","0,00%","0,00%","0,00%","0,00%","26,67%","6,67%","6,67%","13,33%","0,00%","0,00%","0,00%",6_12,1_12,6_12,1_12,1_12,9_12,6_12,1_12,7_12,8_12,1_12
25301,08.04.1969,"60,00%","20,00%","10,00%","10,00%","66,67%","16,67%","8,33%","8,33%","75,00%","16,67%","8,33%","40,00%","0,00%","0,00%","0,00%","0,00%","20,00%","10,00%","10,00%","20,00%","0,00%","0,00%","0,00%",6_12,1_12,9_12,1_12,1_12,9_12,6_12,1_12,7_12,8_12,1_12
26266,29.11.1971,"60,00%","0,00%","10,00%","30,00%","66,67%","0,00%","25,00%","8,33%","75,00%","0,00%","25,00%","10,00%","0,00%","10,00%","0,00%","0,00%","0,00%","20,00%","0,00%","50,00%","0,00%","0,00%","10,00%",7_12,9_12,1_12,9_12,9_12,12_12,9_12,3_12,7_12,9_12,4_12
26511,31.07.1972,"60,00%","0,00%","0,00%","40,00%","66,67%","0,00%","33,33%","0,00%","66,67%","0,00%","33,33%","10,00%","0,00%","20,00%","0,00%","30,00%","0,00%","20,00%","0,00%","20,00%","0,00%","0,00%","0,00%",7_12,5_12,1_12,5_12,3_12,5_12,9_12,3_12,7_12,9_12,10_12
26521,10.08.1972,"60,00%","0,00%","10,00%","30,00%","66,67%","0,00%","25,00%","8,33%","75,00%","0,00%","25,00%","0,00%","0,00%","10,00%","10,00%","40,00%","0,00%","20,00%","0,00%","20,00%","0,00%","0,00%","0,00%",7_12,5_12,5_12,5_12,4_12,5_12,9_12,3_12,7_12,9_12,10_12
27732,04.12.1975,"60,00%","0,00%","10,00%","30,00%","66,67%","0,00%","25,00%","8,33%","75,00%","0,00%","25,00%","10,00%","0,00%","10,00%","0,00%","10,00%","0,00%","20,00%","10,00%","40,00%","0,00%","0,00%","0,00%",7_12,9_12,9_12,9_12,7_12,3_12,1_12,5_12,8_12,9_12,8_12
27969,28.07.1976,"60,00%","20,00%","10,00%","10,00%","66,67%","16,67%","8,33%","8,33%","75,00%","16,67%","8,33%","0,00%","10,00%","0,00%","10,00%","50,00%","10,00%","10,00%","0,00%","10,00%","0,00%","0,00%","0,00%",7_12,5_12,5_12,5_12,5_12,6_12,2_12,5_12,4_12,9_12,4_12
28097,03.12.1976,"60,00%","20,00%","10,00%","10,00%","66,67%","16,67%","8,33%","8,33%","75,00%","16,67%","8,33%","10,00%","10,00%","0,00%","0,00%","10,00%","0,00%","10,00%","10,00%","40,00%","10,00%","0,00%","0,00%",7_12,9_12,1_12,9_12,10_12,9_12,2_12,5_12,8_12,9_12,8_12
28206,22.03.1977,"60,00%","10,00%","20,00%","10,00%","66,67%","8,33%","8,33%","16,67%","83,33%","8,33%","8,33%","40,00%","10,00%","0,00%","0,00%","10,00%","0,00%","10,00%","10,00%","10,00%","0,00%","0,00%","10,00%",7_12,1_12,1_12,1_12,1_12,12_12,2_12,5_12,8_12,9_12,4_12
28215,31.03.1977,"60,00%","10,00%","20,00%","10,00%","66,67%","8,33%","8,33%","16,67%","83,33%","8,33%","8,33%","30,00%","10,00%","0,00%","0,00%","20,00%","0,00%","10,00%","10,00%","10,00%","0,00%","0,00%","10,00%",7_12,1_12,5_12,1_12,1_12,12_12,2_12,5_12,8_12,9_12,7_12
28216,01.04.1977,"60,00%","13,33%","20,00%","6,67%","66,67%","8,33%","8,33%","16,67%","83,33%","8,33%","8,33%","33,33%","13,33%","0,00%","0,00%","20,00%","0,00%","6,67%","6,67%","6,67%","0,00%","0,00%","13,33%",7_12,1_12,5_12,1_12,1_12,12_12,2_12,5_12,8_12,9_12,7_12
28579,30.03.1978,"60,00%","0,00%","20,00%","20,00%","66,67%","0,00%","16,67%","16,67%","83,33%","0,00%","16,67%","30,00%","0,00%","10,00%","10,00%","10,00%","0,00%","10,00%","10,00%","20,00%","0,00%","0,00%","0,00%",7_12,1_12,9_12,1_12,1_12,4_12,3_12,5_12,8_12,9_12,4_12
28598,18.04.1978,"60,00%","10,00%","20,00%","10,00%","66,67%","8,33%","8,33%","16,67%","83,33%","8,33%","8,33%","20,00%","10,00%","0,00%","10,00%","30,00%","0,00%","10,00%","10,00%","10,00%","0,00%","0,00%","0,00%",7_12,1_12,5_12,1_12,2_12,5_12,4_12,5_12,8_12,9_12,4_12
28824,30.11.1978,"60,00%","10,00%","20,00%","10,00%","66,67%","8,33%","8,33%","16,67%","83,33%","8,33%","8,33%","0,00%","0,00%","0,00%","0,00%","10,00%","10,00%","10,00%","20,00%","50,00%","0,00%","0,00%","0,00%",7_12,9_12,9_12,9_12,8_12,9_12,5_12,6_12,8_12,9_12,6_12
28834,10.12.1978,"60,00%","10,00%","20,00%","10,00%","66,67%","8,33%","8,33%","16,67%","83,33%","8,33%","8,33%","10,00%","0,00%","0,00%","0,00%","10,00%","10,00%","10,00%","20,00%","40,00%","0,00%","0,00%","0,00%",7_12,9_12,1_12,9_12,8_12,9_12,5_12,6_12,8_12,9_12,6_12
28971,26.04.1979,"60,00%","20,00%","10,00%","10,00%","58,33%","25,00%","8,33%","8,33%","66,67%","25,00%","8,33%","40,00%","10,00%","0,00%","0,00%","10,00%","10,00%","10,00%","10,00%","10,00%","0,00%","0,00%","0,00%",7_12,2_12,1_12,1_12,1_12,1_12,5_12,6_12,8_12,9_12,4_12
28980,05.05.1979,"60,00%","20,00%","10,00%","10,00%","58,33%","25,00%","8,33%","8,33%","66,67%","25,00%","8,33%","30,00%","10,00%","0,00%","0,00%","20,00%","10,00%","10,00%","10,00%","10,00%","0,00%","0,00%","0,00%",7_12,2_12,5_12,1_12,1_12,1_12,5_12,6_12,8_12,9_12,4_12
29072,05.08.1979,"60,00%","10,00%","10,00%","20,00%","66,67%","8,33%","16,67%","8,33%","75,00%","8,33%","16,67%","0,00%","0,00%","10,00%","0,00%","40,00%","10,00%","10,00%","10,00%","20,00%","0,00%","0,00%","0,00%",7_12,5_12,9_12,5_12,5_12,3_12,5_12,6_12,8_12,9_12,6_12
29690,14.04.1981,"60,00%","0,00%","10,00%","30,00%","66,67%","0,00%","25,00%","8,33%","75,00%","0,00%","25,00%","40,00%","0,00%","0,00%","0,00%","10,00%","0,00%","30,00%","10,00%","10,00%","0,00%","0,00%","0,00%",7_12,1_12,5_12,1_12,1_12,1_12,7_12,7_12,8_12,9_12,4_12
30283,28.11.1982,"60,00%","10,00%","10,00%","20,00%","66,67%","8,33%","16,67%","8,33%","75,00%","8,33%","16,67%","10,00%","0,00%","0,00%","0,00%","0,00%","0,00%","20,00%","10,00%","50,00%","10,00%","0,00%","0,00%",7_12,9_12,1_12,9_12,9_12,10_12,8_12,7_12,9_12,9_12,4_12
30291,06.12.1982,"60,00%","10,00%","20,00%","10,00%","66,67%","8,33%","8,33%","16,67%","83,33%","8,33%","8,33%","0,00%","0,00%","0,00%","0,00%","10,00%","0,00%","10,00%","20,00%","50,00%","10,00%","0,00%","0,00%",7_12,9_12,5_12,9_12,9_12,10_12,8_12,8_12,9_12,9_12,4_12
30382,07.03.1983,"60,00%","0,00%","20,00%","20,00%","58,33%","0,00%","16,67%","25,00%","83,33%","0,00%","16,67%","20,00%","0,00%","0,00%","0,00%","0,00%","0,00%","10,00%","10,00%","40,00%","0,00%","10,00%","10,00%",7_12,12_12,9_12,11_12,1_12,1_12,9_12,8_12,9_12,9_12,4_12
30392,17.03.1983,"60,00%","0,00%","30,00%","10,00%","58,33%","0,00%","8,33%","33,33%","91,67%","0,00%","8,33%","30,00%","0,00%","0,00%","0,00%","0,00%","0,00%","10,00%","10,00%","30,00%","0,00%","0,00%","20,00%",7_12,12_12,1_12,12_12,1_12,1_12,9_12,8_12,9_12,9_12,10_12
30403,28.03.1983,"60,00%","20,00%","10,00%","10,00%","58,33%","25,00%","8,33%","8,33%","66,67%","25,00%","8,33%","30,00%","10,00%","0,00%","0,00%","0,00%","10,00%","10,00%","10,00%","30,00%","0,00%","0,00%","0,00%",7_12,1_12,6_12,1_12,2_12,1_12,9_12,8_12,9_12,9_12,10_12
30405,30.03.1983,"60,00%","10,00%","10,00%","20,00%","58,33%","8,33%","25,00%","8,33%","66,67%","8,33%","25,00%","30,00%","10,00%","0,00%","0,00%","0,00%","0,00%","20,00%","10,00%","30,00%","0,00%","0,00%","0,00%",7_12,1_12,7_12,1_12,2_12,1_12,9_12,8_12,9_12,9_12,10_12
30406,31.03.1983,"60,00%","10,00%","20,00%","10,00%","58,33%","8,33%","8,33%","25,00%","83,33%","8,33%","8,33%","30,00%","10,00%","0,00%","0,00%","0,00%","0,00%","10,00%","20,00%","30,00%","0,00%","0,00%","0,00%",7_12,1_12,8_12,1_12,2_12,1_12,9_12,8_12,9_12,9_12,10_12
30407,01.04.1983,"60,00%","13,33%","20,00%","6,67%","58,33%","8,33%","8,33%","25,00%","83,33%","8,33%","8,33%","40,00%","13,33%","0,00%","0,00%","0,00%","0,00%","6,67%","20,00%","20,00%","0,00%","0,00%","0,00%",7_12,1_12,8_12,1_12,2_12,1_12,9_12,8_12,9_12,9_12,10_12
30528,31.07.1983,"60,00%","10,00%","10,00%","20,00%","66,67%","8,33%","16,67%","8,33%","75,00%","8,33%","16,67%","10,00%","0,00%","0,00%","10,00%","20,00%","10,00%","20,00%","0,00%","30,00%","0,00%","0,00%","0,00%",7_12,5_12,1_12,5_12,6_12,4_12,9_12,7_12,9_12,9_12,10_12
30565,06.09.1983,"60,00%","10,00%","10,00%","20,00%","58,33%","16,67%","16,67%","8,33%","66,67%","16,67%","16,67%","0,00%","0,00%","0,00%","0,00%","30,00%","10,00%","20,00%","10,00%","30,00%","0,00%","0,00%","0,00%",7_12,6_12,5_12,7_12,5_12,5_12,9_12,8_12,9_12,9_12,10_12
30647,27.11.1983,"60,00%","0,00%","20,00%","20,00%","66,67%","0,00%","16,67%","16,67%","83,33%","0,00%","16,67%","0,00%","0,00%","0,00%","0,00%","10,00%","0,00%","20,00%","20,00%","50,00%","0,00%","0,00%","0,00%",8_12,9_12,5_12,9_12,7_12,7_12,9_12,8_12,9_12,9_12,4_12
31402,21.12.1985,"60,00%","10,00%","20,00%","10,00%","66,67%","8,33%","8,33%","16,67%","83,33%","8,33%","8,33%","10,00%","0,00%","0,00%","0,00%","0,00%","0,00%","0,00%","20,00%","50,00%","10,00%","10,00%","0,00%",8_12,9_12,1_12,9_12,9_12,8_12,11_12,9_12,9_12,10_12,4_12
31494,23.03.1986,"60,00%","10,00%","30,00%","0,00%","66,67%","8,33%","0,00%","25,00%","91,67%","8,33%","0,00%","20,00%","0,00%","0,00%","0,00%","10,00%","0,00%","0,00%","10,00%","30,00%","10,00%","0,00%","20,00%",8_12,1_12,5_12,12_12,1_12,9_12,12_12,9_12,9_12,10_12,4_12
31885,18.04.1987,"60,00%","10,00%","20,00%","10,00%","66,67%","8,33%","8,33%","16,67%","83,33%","8,33%","8,33%","30,00%","0,00%","10,00%","0,00%","0,00%","0,00%","0,00%","10,00%","30,00%","10,00%","0,00%","10,00%",8_12,1_12,9_12,1_12,12_12,3_12,1_12,9_12,9_12,10_12,4_12
31894,27.04.1987,"60,00%","20,00%","10,00%","10,00%","58,33%","25,00%","8,33%","8,33%","66,67%","25,00%","8,33%","40,00%","10,00%","10,00%","0,00%","0,00%","0,00%","0,00%","10,00%","20,00%","10,00%","0,00%","0,00%",8_12,2_12,1_12,1_12,1_12,3_12,1_12,9_12,9_12,10_12,4_12
31985,27.07.1987,"60,00%","10,00%","30,00%","0,00%","66,67%","8,33%","0,00%","25,00%","91,67%","8,33%","0,00%","10,00%","0,00%","0,00%","30,00%","30,00%","0,00%","0,00%","0,00%","20,00%","10,00%","0,00%","0,00%",4_12,5_12,5_12,4_12,4_12,5_12,1_12,9_12,9_12,10_12,4_12
31986,28.07.1987,"60,00%","10,00%","30,00%","0,00%","66,67%","8,33%","0,00%","25,00%","91,67%","8,33%","0,00%","10,00%","0,00%","0,00%","30,00%","30,00%","0,00%","0,00%","0,00%","20,00%","10,00%","0,00%","0,00%",4_12,5_12,5_12,4_12,4_12,5_12,1_12,9_12,9_12,10_12,4_12
31989,31.07.1987,"60,00%","10,00%","20,00%","10,00%","58,33%","8,33%","16,67%","16,67%","75,00%","8,33%","16,67%","10,00%","0,00%","0,00%","10,00%","30,00%","0,00%","10,00%","10,00%","20,00%","10,00%","0,00%","0,00%",8_12,5_12,7_12,4_12,5_12,5_12,1_12,9_12,9_12,10_12,4_12
31993,04.08.1987,"60,00%","10,00%","30,00%","0,00%","58,33%","8,33%","0,00%","33,33%","91,67%","8,33%","0,00%","10,00%","0,00%","0,00%","10,00%","30,00%","0,00%","0,00%","20,00%","20,00%","10,00%","0,00%","0,00%",8_12,5_12,8_12,4_12,5_12,5_12,1_12,9_12,9_12,10_12,1_12
32010,21.08.1987,"60,00%","10,00%","30,00%","0,00%","58,33%","8,33%","0,00%","33,33%","91,67%","8,33%","0,00%","10,00%","0,00%","0,00%","20,00%","40,00%","0,00%","0,00%","10,00%","10,00%","10,00%","0,00%","0,00%",8_12,5_12,4_12,5_12,5_12,5_12,1_12,4_12,9_12,10_12,4_12
32122,11.12.1987,"60,00%","20,00%","20,00%","0,00%","66,67%","16,67%","0,00%","16,67%","83,33%","16,67%","0,00%","10,00%","0,00%","0,00%","0,00%","10,00%","0,00%","0,00%","20,00%","40,00%","20,00%","0,00%","0,00%",8_12,9_12,5_12,9_12,10_12,8_12,1_12,9_12,9_12,10_12,12_12
32186,13.02.1988,"60,00%","10,00%","10,00%","20,00%","58,33%","8,33%","25,00%","8,33%","66,67%","8,33%","25,00%","20,00%","0,00%","0,00%","0,00%","0,00%","0,00%","0,00%","10,00%","40,00%","10,00%","20,00%","0,00%",8_12,11_12,9_12,11_12,1_12,9_12,1_12,9_12,9_12,10_12,4_12
32358,03.08.1988,"60,00%","10,00%","10,00%","20,00%","66,67%","8,33%","16,67%","8,33%","75,00%","8,33%","16,67%","20,00%","0,00%","20,00%","0,00%","20,00%","0,00%","0,00%","10,00%","20,00%","10,00%","0,00%","0,00%",8_12,5_12,1_12,5_12,3_12,1_12,3_12,9_12,9_12,10_12,12_12
32367,12.08.1988,"60,00%","10,00%","20,00%","10,00%","66,67%","8,33%","8,33%","16,67%","83,33%","8,33%","8,33%","10,00%","0,00%","10,00%","10,00%","30,00%","0,00%","0,00%","10,00%","20,00%","10,00%","0,00%","0,00%",8_12,5_12,5_12,5_12,4_12,1_12,3_12,9_12,9_12,10_12,12_12
34800,11.04.1995,"60,00%","10,00%","20,00%","10,00%","66,67%","8,33%","8,33%","16,67%","83,33%","8,33%","8,33%","20,00%","0,00%","0,00%","0,00%","20,00%","0,00%","0,00%","0,00%","20,00%","10,00%","10,00%","20,00%",9_12,1_12,5_12,1_12,12_12,5_12,9_12,12_12,11_12,10_12,8_12
35029,26.11.1995,"60,00%","30,00%","10,00%","0,00%","58,33%","33,33%","0,00%","8,33%","66,67%","33,33%","0,00%","0,00%","0,00%","0,00%","10,00%","0,00%","0,00%","0,00%","0,00%","60,00%","30,00%","0,00%","0,00%",9_12,9_12,10_12,9_12,9_12,9_12,9_12,4_12,10_12,10_12,4_12
35519,30.03.1997,"60,00%","20,00%","0,00%","20,00%","66,67%","16,67%","16,67%","0,00%","66,67%","16,67%","16,67%","40,00%","0,00%","0,00%","0,00%","0,00%","10,00%","0,00%","0,00%","20,00%","10,00%","20,00%","0,00%",9_12,1_12,9_12,1_12,1_12,6_12,11_12,1_12,11_12,10_12,4_12
35520,31.03.1997,"60,00%","20,00%","0,00%","20,00%","66,67%","16,67%","16,67%","0,00%","66,67%","16,67%","16,67%","40,00%","0,00%","0,00%","0,00%","0,00%","10,00%","0,00%","0,00%","20,00%","10,00%","20,00%","0,00%",9_12,1_12,9_12,1_12,1_12,6_12,11_12,1_12,11_12,10_12,6_12
35883,29.03.1998,"60,00%","0,00%","10,00%","30,00%","66,67%","0,00%","25,00%","8,33%","75,00%","0,00%","25,00%","50,00%","0,00%","0,00%","0,00%","0,00%","0,00%","0,00%","0,00%","10,00%","0,00%","30,00%","10,00%",9_12,1_12,1_12,1_12,11_12,1_12,12_12,1_12,11_12,11_12,4_12
36129,30.11.1998,"60,00%","0,00%","10,00%","30,00%","66,67%","0,00%","25,00%","8,33%","75,00%","0,00%","25,00%","20,00%","0,00%","0,00%","0,00%","0,00%","0,00%","10,00%","0,00%","40,00%","0,00%","20,00%","10,00%",9_12,9_12,1_12,9_12,9_12,7_12,12_12,1_12,11_12,11_12,5_12
36138,09.12.1998,"60,00%","0,00%","10,00%","30,00%","66,67%","0,00%","25,00%","8,33%","75,00%","0,00%","25,00%","10,00%","0,00%","0,00%","0,00%","10,00%","0,00%","10,00%","0,00%","40,00%","0,00%","20,00%","10,00%",9_12,9_12,5_12,9_12,9_12,7_12,12_12,1_12,11_12,11_12,4_12
17228,02.03.1947,"58,82%","0,00%","5,88%","35,29%","58,33%","0,00%","25,00%","16,67%","75,00%","0,00%","25,00%","5,88%","0,00%","11,76%","0,00%","35,29%","0,00%","11,76%","0,00%","17,65%","0,00%","11,76%","5,88%",5_12,12_12,9_12,11_12,1_12,5_12,9_12,5_12,3_12,7_12,2_12
21520,01.12.1958,"58,82%","17,65%","23,53%","0,00%","66,67%","16,67%","0,00%","16,67%","83,33%","16,67%","0,00%","0,00%","5,88%","0,00%","0,00%","17,65%","11,76%","0,00%","23,53%","41,18%","0,00%","0,00%","0,00%",6_12,9_12,5_12,9_12,9_12,2_12,8_12,9_12,5_12,8_12,7_12
31990,01.08.1987,"58,82%","5,88%","23,53%","11,76%","58,33%","8,33%","16,67%","16,67%","75,00%","8,33%","16,67%","11,76%","0,00%","0,00%","11,76%","35,29%","0,00%","11,76%","11,76%","11,76%","5,88%","0,00%","0,00%",8_12,5_12,7_12,4_12,5_12,5_12,1_12,9_12,9_12,10_12,1_12
14835,12.08.1940,"58,33%","33,33%","8,33%","0,00%","58,33%","33,33%","0,00%","8,33%","66,67%","33,33%","0,00%","0,00%","25,00%","0,00%","8,33%","41,67%","8,33%","0,00%","0,00%","16,67%","0,00%","0,00%","0,00%",5_12,5_12,9_12,5_12,4_12,5_12,2_12,2_12,2_12,6_12,4_12
16265,12.07.1944,"58,33%","0,00%","25,00%","16,67%","50,00%","0,00%","16,67%","33,33%","83,33%","0,00%","16,67%","16,67%","0,00%","8,33%","25,00%","41,67%","0,00%","8,33%","0,00%","0,00%","0,00%","0,00%","0,00%",5_12,4_12,1_12,5_12,4_12,5_12,5_12,4_12,3_12,7_12,4_12
16402,26.11.1944,"58,33%","16,67%","8,33%","16,67%","58,33%","16,67%","16,67%","8,33%","66,67%","16,67%","16,67%","16,67%","0,00%","8,33%","8,33%","8,33%","8,33%","8,33%","0,00%","33,33%","8,33%","0,00%","0,00%",5_12,9_12,1_12,9_12,10_12,9_12,6_12,4_12,3_12,7_12,4_12
17740,26.07.1948,"58,33%","16,67%","16,67%","8,33%","58,33%","16,67%","8,33%","16,67%","75,00%","16,67%","8,33%","0,00%","0,00%","0,00%","16,67%","58,33%","8,33%","8,33%","0,00%","0,00%","8,33%","0,00%","0,00%",5_12,5_12,5_12,5_12,5_12,4_12,10_12,6_12,4_12,7_12,1_12
18833,24.07.1951,"58,33%","16,67%","16,67%","8,33%","58,33%","16,67%","8,33%","16,67%","75,00%","16,67%","8,33%","25,00%","0,00%","0,00%","16,67%","33,33%","16,67%","8,33%","0,00%","0,00%","0,00%","0,00%","0,00%",5_12,5_12,1_12,5_12,6_12,4_12,1_12,6_12,4_12,7_12,4_12
19198,23.07.1952,"58,33%","8,33%","16,67%","16,67%","58,33%","8,33%","16,67%","16,67%","75,00%","8,33%","16,67%","0,00%","8,33%","0,00%","8,33%","58,33%","0,00%","16,67%","8,33%","0,00%","0,00%","0,00%","0,00%",5_12,5_12,5_12,5_12,5_12,8_12,2_12,7_12,4_12,7_12,4_12
20782,23.11.1956,"58,33%","16,67%","16,67%","8,33%","58,33%","16,67%","8,33%","16,67%","75,00%","16,67%","8,33%","0,00%","0,00%","0,00%","0,00%","25,00%","16,67%","8,33%","8,33%","33,33%","0,00%","0,00%","8,33%",6_12,9_12,5_12,9_12,7_12,12_12,6_12,9_12,5_12,8_12,4_12
20791,02.12.1956,"58,33%","16,67%","25,00%","0,00%","58,33%","16,67%","0,00%","25,00%","83,33%","16,67%","0,00%","0,00%","0,00%","0,00%","0,00%","16,67%","16,67%","0,00%","16,67%","41,67%","0,00%","0,00%","8,33%",6_12,9_12,9_12,9_12,8_12,12_12,6_12,9_12,5_12,8_12,8_12
20905,26.03.1957,"58,33%","8,33%","8,33%","25,00%","58,33%","8,33%","25,00%","8,33%","66,67%","8,33%","25,00%","33,33%","0,00%","8,33%","0,00%","16,67%","8,33%","0,00%","8,33%","8,33%","0,00%","16,67%","0,00%",5_12,1_12,11_12,1_12,1_12,3_12,6_12,9_12,5_12,8_12,4_12
21014,13.07.1957,"58,33%","8,33%","16,67%","16,67%","50,00%","8,33%","16,67%","25,00%","75,00%","8,33%","16,67%","0,00%","0,00%","0,00%","16,67%","50,00%","8,33%","0,00%","0,00%","8,33%","0,00%","16,67%","0,00%",5_12,4_12,11_12,5_12,5_12,5_12,6_12,9_12,5_12,4_12,4_12
21156,02.12.1957,"58,33%","16,67%","16,67%","8,33%","58,33%","16,67%","8,33%","16,67%","75,00%","16,67%","8,33%","16,67%","0,00%","0,00%","0,00%","16,67%","8,33%","8,33%","16,67%","25,00%","8,33%","0,00%","0,00%",6_12,9_12,1_12,9_12,10_12,8_12,7_12,9_12,5_12,8_12,8_12
21183,29.12.1957,"58,33%","16,67%","8,33%","16,67%","50,00%","25,00%","16,67%","8,33%","58,33%","25,00%","16,67%","16,67%","0,00%","0,00%","0,00%","8,33%","8,33%","8,33%","8,33%","33,33%","8,33%","8,33%","0,00%",6_12,10_12,1_12,9_12,11_12,9_12,7_12,9_12,5_12,8_12,4_12
22139,11.08.1960,"58,33%","25,00%","8,33%","8,33%","58,33%","25,00%","8,33%","8,33%","66,67%","25,00%","8,33%","16,67%","0,00%","8,33%","0,00%","33,33%","16,67%","0,00%","8,33%","8,33%","8,33%","0,00%","0,00%",6_12,5_12,1_12,5_12,6_12,3_12,9_12,10_12,5_12,8_12,4_12
22740,04.04.1962,"58,33%","8,33%","25,00%","8,33%","58,33%","8,33%","8,33%","25,00%","83,33%","8,33%","8,33%","50,00%","0,00%","0,00%","0,00%","8,33%","8,33%","0,00%","8,33%","0,00%","0,00%","8,33%","16,67%",6_12,1_12,1_12,1_12,1_12,12_12,12_12,11_12,5_12,8_12,5_12
23332,17.11.1963,"58,33%","16,67%","16,67%","8,33%","50,00%","16,67%","8,33%","25,00%","75,00%","16,67%","8,33%","8,33%","0,00%","0,00%","0,00%","0,00%","16,67%","0,00%","16,67%","50,00%","0,00%","8,33%","0,00%",6_12,8_12,9_12,9_12,9_12,9_12,1_12,11_12,6_12,8_12,4_12
24936,08.04.1968,"58,33%","25,00%","16,67%","0,00%","58,33%","25,00%","0,00%","16,67%","75,00%","25,00%","0,00%","33,33%","8,33%","0,00%","0,00%","25,00%","16,67%","0,00%","8,33%","0,00%","0,00%","0,00%","8,33%",6_12,1_12,5_12,1_12,12_12,2_12,5_12,1_12,6_12,8_12,1_12
27604,29.07.1975,"58,33%","16,67%","16,67%","8,33%","58,33%","16,67%","8,33%","16,67%","75,00%","16,67%","8,33%","25,00%","8,33%","0,00%","16,67%","25,00%","8,33%","8,33%","0,00%","8,33%","0,00%","0,00%","0,00%",7_12,5_12,1_12,5_12,6_12,2_12,1_12,4_12,4_12,9_12,4_12
27724,26.11.1975,"58,33%","0,00%","8,33%","33,33%","66,67%","0,00%","25,00%","8,33%","75,00%","0,00%","25,00%","8,33%","0,00%","16,67%","0,00%","16,67%","0,00%","16,67%","8,33%","33,33%","0,00%","0,00%","0,00%",7_12,9_12,5_12,9_12,7_12,3_12,1_12,5_12,8_12,9_12,4_12
27859,09.04.1976,"58,33%","8,33%","25,00%","8,33%","58,33%","8,33%","8,33%","25,00%","83,33%","8,33%","8,33%","33,33%","8,33%","0,00%","16,67%","16,67%","0,00%","8,33%","8,33%","8,33%","0,00%","0,00%","0,00%",7_12,1_12,5_12,1_12,1_12,4_12,2_12,4_12,8_12,9_12,4_12
28086,22.11.1976,"58,33%","16,67%","16,67%","8,33%","50,00%","16,67%","8,33%","25,00%","75,00%","16,67%","8,33%","0,00%","8,33%","0,00%","0,00%","8,33%","0,00%","8,33%","16,67%","50,00%","8,33%","0,00%","0,00%",7_12,8_12,9_12,9_12,10_12,9_12,2_12,5_12,8_12,9_12,4_12
28096,02.12.1976,"58,33%","25,00%","8,33%","8,33%","66,67%","16,67%","8,33%","8,33%","75,00%","16,67%","8,33%","8,33%","16,67%","0,00%","0,00%","16,67%","0,00%","8,33%","8,33%","33,33%","8,33%","0,00%","0,00%",7_12,9_12,1_12,9_12,10_12,9_12,2_12,5_12,8_12,9_12,8_12
28205,21.03.1977,"58,33%","8,33%","25,00%","8,33%","66,67%","8,33%","8,33%","16,67%","83,33%","8,33%","8,33%","41,67%","8,33%","0,00%","0,00%","8,33%","0,00%","8,33%","8,33%","8,33%","0,00%","0,00%","16,67%",7_12,1_12,1_12,1_12,1_12,12_12,2_12,5_12,8_12,9_12,4_12
28560,11.03.1978,"58,33%","0,00%","25,00%","16,67%","50,00%","0,00%","16,67%","33,33%","83,33%","0,00%","16,67%","41,67%","0,00%","8,33%","8,33%","8,33%","0,00%","8,33%","8,33%","8,33%","0,00%","0,00%","8,33%",7_12,12_12,1_12,1_12,1_12,4_12,3_12,5_12,8_12,9_12,4_12
29069,02.08.1979,"58,33%","8,33%","16,67%","16,67%","50,00%","8,33%","16,67%","25,00%","75,00%","8,33%","16,67%","0,00%","0,00%","8,33%","0,00%","41,67%","8,33%","8,33%","16,67%","16,67%","0,00%","0,00%","0,00%",7_12,5_12,8_12,5_12,5_12,3_12,5_12,6_12,8_12,9_12,6_12
30561,02.09.1983,"58,33%","8,33%","8,33%","25,00%","41,67%","16,67%","33,33%","8,33%","50,00%","16,67%","33,33%","0,00%","0,00%","8,33%","0,00%","25,00%","8,33%","16,67%","8,33%","33,33%","0,00%","0,00%","0,00%",7_12,6_12,3_12,7_12,5_12,5_12,9_12,8_12,9_12,9_12,4_12
31374,23.11.1985,"58,33%","8,33%","16,67%","16,67%","58,33%","8,33%","16,67%","16,67%","75,00%","8,33%","16,67%","16,67%","0,00%","0,00%","0,00%","0,00%","0,00%","8,33%","16,67%","41,67%","8,33%","8,33%","0,00%",8_12,9_12,1_12,9_12,8_12,7_12,11_12,9_12,9_12,10_12,4_12
31520,18.04.1986,"58,33%","25,00%","16,67%","0,00%","58,33%","25,00%","0,00%","16,67%","75,00%","25,00%","0,00%","25,00%","8,33%","0,00%","0,00%","16,67%","0,00%","0,00%","8,33%","16,67%","16,67%","0,00%","8,33%",8_12,1_12,5_12,1_12,2_12,10_12,12_12,9_12,9_12,10_12,4_12
32011,22.08.1987,"58,33%","25,00%","16,67%","0,00%","66,67%","16,67%","0,00%","16,67%","83,33%","16,67%","0,00%","8,33%","0,00%","0,00%","8,33%","41,67%","16,67%","0,00%","8,33%","8,33%","8,33%","0,00%","0,00%",8_12,5_12,5_12,6_12,5_12,5_12,1_12,4_12,9_12,10_12,4_12
33424,05.07.1991,"58,33%","16,67%","16,67%","8,33%","50,00%","16,67%","8,33%","25,00%","75,00%","16,67%","8,33%","16,67%","0,00%","0,00%","8,33%","41,67%","0,00%","0,00%","8,33%","0,00%","16,67%","8,33%","0,00%",8_12,4_12,1_12,5_12,5_12,5_12,5_12,11_12,10_12,10_12,10_12
34780,22.03.1995,"58,33%","16,67%","16,67%","8,33%","58,33%","16,67%","8,33%","16,67%","75,00%","16,67%","8,33%","16,67%","0,00%","0,00%","0,00%","8,33%","0,00%","0,00%","0,00%","33,33%","16,67%","8,33%","16,67%",9_12,1_12,9_12,12_12,11_12,5_12,9_12,12_12,10_12,10_12,4_12
35863,09.03.1998,"58,33%","0,00%","16,67%","25,00%","50,00%","0,00%","25,00%","25,00%","75,00%","0,00%","25,00%","33,33%","0,00%","0,00%","0,00%","16,67%","0,00%","0,00%","0,00%","8,33%","0,00%","25,00%","16,67%",9_12,12_12,5_12,1_12,11_12,1_12,12_12,1_12,11_12,11_12,4_12
35887,02.04.1998,"58,33%","0,00%","8,33%","33,33%","50,00%","0,00%","41,67%","8,33%","58,33%","0,00%","41,67%","41,67%","0,00%","8,33%","0,00%","0,00%","0,00%","0,00%","0,00%","16,67%","0,00%","25,00%","8,33%",9_12,1_12,3_12,1_12,11_12,1_12,12_12,1_12,11_12,11_12,6_12
36128,29.11.1998,"58,33%","0,00%","8,33%","33,33%","66,67%","0,00%","25,00%","8,33%","75,00%","0,00%","25,00%","25,00%","0,00%","0,00%","8,33%","0,00%","0,00%","8,33%","0,00%","33,33%","0,00%","25,00%","0,00%",9_12,9_12,1_12,9_12,9_12,7_12,4_12,1_12,11_12,11_12,4_12
36131,02.12.1998,"58,33%","8,33%","8,33%","25,00%","50,00%","16,67%","25,00%","8,33%","58,33%","16,67%","25,00%","16,67%","8,33%","0,00%","0,00%","0,00%","0,00%","8,33%","0,00%","41,67%","0,00%","16,67%","8,33%",9_12,9_12,2_12,9_12,9_12,7_12,12_12,1_12,11_12,11_12,5_12
26513,02.08.1972,"57,14%","14,29%","0,00%","28,57%","50,00%","16,67%","33,33%","0,00%","50,00%","16,67%","33,33%","0,00%","14,29%","14,29%","0,00%","28,57%","0,00%","14,29%","0,00%","28,57%","0,00%","0,00%","0,00%",7_12,5_12,2_12,5_12,3_12,5_12,9_12,3_12,7_12,9_12,4_12
21276,01.04.1958,"56,25%","6,25%","6,25%","31,25%","58,33%","8,33%","25,00%","8,33%","66,67%","8,33%","25,00%","25,00%","0,00%","0,00%","0,00%","18,75%","6,25%","6,25%","6,25%","12,50%","0,00%","25,00%","0,00%",6_12,1_12,5_12,1_12,11_12,11_12,7_12,9_12,5_12,8_12,8_12
26055,02.05.1971,"56,25%","31,25%","0,00%","12,50%","50,00%","41,67%","8,33%","0,00%","50,00%","41,67%","8,33%","18,75%","12,50%","0,00%","0,00%","12,50%","12,50%","12,50%","0,00%","25,00%","6,25%","0,00%","0,00%",6_12,2_12,5_12,1_12,1_12,10_12,9_12,2_12,7_12,9_12,4_12
28976,01.05.1979,"56,25%","18,75%","18,75%","6,25%","41,67%","25,00%","8,33%","25,00%","66,67%","25,00%","8,33%","37,50%","12,50%","0,00%","12,50%","12,50%","6,25%","6,25%","6,25%","6,25%","0,00%","0,00%","0,00%",7_12,2_12,4_12,1_12,1_12,1_12,5_12,6_12,8_12,9_12,6_12
25965,01.02.1971,"55,56%","27,78%","0,00%","16,67%","50,00%","25,00%","25,00%","0,00%","50,00%","25,00%","25,00%","11,11%","11,11%","0,00%","0,00%","0,00%","5,56%","5,56%","0,00%","44,44%","11,11%","11,11%","0,00%",6_12,11_12,1_12,10_12,9_12,9_12,9_12,2_12,7_12,9_12,11_12
28825,01.12.1978,"55,56%","11,11%","22,22%","11,11%","66,67%","8,33%","8,33%","16,67%","83,33%","8,33%","8,33%","0,00%","0,00%","0,00%","0,00%","5,56%","11,11%","11,11%","22,22%","50,00%","0,00%","0,00%","0,00%",7_12,9_12,9_12,9_12,8_12,9_12,5_12,6_12,8_12,9_12,6_12
30376,01.03.1983,"55,56%","0,00%","16,67%","27,78%","41,67%","0,00%","33,33%","25,00%","66,67%","0,00%","33,33%","22,22%","0,00%","0,00%","0,00%","0,00%","0,00%","16,67%","5,56%","33,33%","0,00%","11,11%","11,11%",7_12,12_12,7_12,11_12,1_12,1_12,9_12,8_12,9_12,9_12,4_12
30529,01.08.1983,"55,56%","11,11%","11,11%","22,22%","66,67%","8,33%","16,67%","8,33%","75,00%","8,33%","16,67%","11,11%","0,00%","0,00%","11,11%","22,22%","11,11%","22,22%","0,00%","22,22%","0,00%","0,00%","0,00%",7_12,5_12,1_12,5_12,6_12,4_12,9_12,7_12,9_12,9_12,10_12
14615,05.01.1940,"54,55%","27,27%","9,09%","9,09%","41,67%","33,33%","8,33%","16,67%","58,33%","33,33%","8,33%","36,36%","9,09%","0,00%","0,00%","9,09%","9,09%","0,00%","9,09%","9,09%","9,09%","9,09%","0,00%",5_12,10_12,8_12,9_12,11_12,1_12,1_12,1_12,2_12,6_12,7_12
14626,16.01.1940,"54,55%","36,36%","0,00%","9,09%","50,00%","41,67%","8,33%","0,00%","50,00%","41,67%","8,33%","45,45%","9,09%","0,00%","0,00%","9,09%","9,09%","0,00%","0,00%","0,00%","18,18%","9,09%","0,00%",5_12,10_12,1_12,10_12,11_12,1_12,1_12,1_12,2_12,6_12,7_12
14635,25.01.1940,"54,55%","27,27%","9,09%","9,09%","50,00%","25,00%","16,67%","8,33%","58,33%","25,00%","16,67%","27,27%","9,09%","0,00%","0,00%","27,27%","9,09%","0,00%","0,00%","0,00%","9,09%","9,09%","9,09%",5_12,11_12,5_12,10_12,12_12,1_12,1_12,1_12,2_12,6_12,7_12
14644,03.02.1940,"54,55%","18,18%","9,09%","18,18%","50,00%","16,67%","25,00%","8,33%","58,33%","16,67%","25,00%","27,27%","9,09%","0,00%","0,00%","9,09%","9,09%","0,00%","0,00%","18,18%","0,00%","18,18%","9,09%",5_12,11_12,9_12,11_12,12_12,1_12,1_12,1_12,2_12,6_12,7_12
14663,22.02.1940,"54,55%","27,27%","18,18%","0,00%","50,00%","25,00%","0,00%","25,00%","75,00%","25,00%","0,00%","27,27%","18,18%","0,00%","0,00%","27,27%","9,09%","0,00%","0,00%","0,00%","0,00%","0,00%","18,18%",5_12,12_12,5_12,12_12,1_12,2_12,1_12,1_12,2_12,6_12,4_12
14675,05.03.1940,"54,55%","36,36%","9,09%","0,00%","41,67%","41,67%","0,00%","16,67%","58,33%","41,67%","0,00%","45,45%","18,18%","0,00%","0,00%","9,09%","9,09%","0,00%","0,00%","0,00%","9,09%","0,00%","9,09%",5_12,12_12,10_12,1_12,1_12,2_12,1_12,1_12,2_12,6_12,7_12
15182,25.07.1941,"54,55%","27,27%","9,09%","9,09%","58,33%","25,00%","8,33%","8,33%","66,67%","25,00%","8,33%","9,09%","18,18%","9,09%","9,09%","45,45%","9,09%","0,00%","0,00%","0,00%","0,00%","0,00%","0,00%",5_12,5_12,5_12,4_12,5_12,1_12,3_12,2_12,2_12,6_12,4_12
15199,11.08.1941,"54,55%","27,27%","0,00%","18,18%","58,33%","25,00%","16,67%","0,00%","58,33%","25,00%","16,67%","27,27%","9,09%","18,18%","0,00%","27,27%","18,18%","0,00%","0,00%","0,00%","0,00%","0,00%","0,00%",5_12,5_12,1_12,5_12,6_12,1_12,3_12,2_12,3_12,6_12,4_12
15209,21.08.1941,"54,55%","27,27%","0,00%","18,18%","58,33%","25,00%","16,67%","0,00%","58,33%","25,00%","16,67%","9,09%","9,09%","18,18%","0,00%","45,45%","18,18%","0,00%","0,00%","0,00%","0,00%","0,00%","0,00%",5_12,5_12,5_12,5_12,6_12,1_12,3_12,2_12,3_12,6_12,4_12
15318,08.12.1941,"54,55%","27,27%","0,00%","18,18%","58,33%","25,00%","16,67%","0,00%","58,33%","25,00%","16,67%","9,09%","18,18%","9,09%","0,00%","27,27%","9,09%","0,00%","0,00%","18,18%","0,00%","9,09%","0,00%",5_12,9_12,5_12,9_12,11_12,1_12,3_12,2_12,2_12,6_12,6_12
15327,17.12.1941,"54,55%","27,27%","0,00%","18,18%","58,33%","25,00%","16,67%","0,00%","58,33%","25,00%","16,67%","9,09%","18,18%","9,09%","0,00%","9,09%","9,09%","0,00%","0,00%","36,36%","0,00%","9,09%","0,00%",5_12,9_12,9_12,9_12,11_12,1_12,3_12,2_12,2_12,6_12,6_12
15673,28.11.1942,"54,55%","0,00%","18,18%","27,27%","58,33%","0,00%","25,00%","16,67%","75,00%","0,00%","25,00%","0,00%","0,00%","18,18%","9,09%","27,27%","0,00%","9,09%","9,09%","27,27%","0,00%","0,00%","0,00%",5_12,9_12,5_12,9_12,9_12,8_12,4_12,3_12,3_12,7_12,5_12
15683,08.12.1942,"54,55%","0,00%","18,18%","27,27%","58,33%","0,00%","25,00%","16,67%","75,00%","0,00%","25,00%","0,00%","0,00%","18,18%","9,09%","9,09%","0,00%","9,09%","9,09%","45,45%","0,00%","0,00%","0,00%",5_12,9_12,9_12,9_12,9_12,8_12,4_12,3_12,3_12,7_12,5_12
15892,05.07.1943,"54,55%","9,09%","9,09%","27,27%","50,00%","8,33%","25,00%","16,67%","66,67%","8,33%","25,00%","9,09%","0,00%","27,27%","9,09%","45,45%","9,09%","0,00%","0,00%","0,00%","0,00%","0,00%","0,00%",5_12,4_12,5_12,3_12,5_12,1_12,5_12,3_12,3_12,6_12,5_12
15911,24.07.1943,"54,55%","27,27%","0,00%","18,18%","58,33%","25,00%","16,67%","0,00%","58,33%","25,00%","16,67%","9,09%","9,09%","18,18%","0,00%","45,45%","18,18%","0,00%","0,00%","0,00%","0,00%","0,00%","0,00%",5_12,5_12,1_12,5_12,6_12,2_12,5_12,3_12,3_12,6_12,4_12
16038,28.11.1943,"54,55%","0,00%","0,00%","45,45%","58,33%","0,00%","41,67%","0,00%","58,33%","0,00%","41,67%","0,00%","0,00%","27,27%","0,00%","18,18%","0,00%","18,18%","0,00%","36,36%","0,00%","0,00%","0,00%",5_12,9_12,9_12,9_12,7_12,3_12,5_12,3_12,3_12,7_12,4_12
16046,06.12.1943,"54,55%","0,00%","0,00%","45,45%","58,33%","0,00%","41,67%","0,00%","58,33%","0,00%","41,67%","18,18%","0,00%","27,27%","0,00%","18,18%","0,00%","18,18%","0,00%","18,18%","0,00%","0,00%","0,00%",5_12,9_12,1_12,9_12,7_12,3_12,5_12,3_12,3_12,7_12,5_12
16156,25.03.1944,"54,55%","0,00%","9,09%","36,36%","58,33%","0,00%","33,33%","8,33%","66,67%","0,00%","33,33%","36,36%","0,00%","27,27%","0,00%","18,18%","0,00%","9,09%","0,00%","0,00%","0,00%","0,00%","9,09%",5_12,1_12,1_12,1_12,12_12,3_12,5_12,3_12,3_12,7_12,4_12
16165,03.04.1944,"54,55%","0,00%","18,18%","27,27%","58,33%","0,00%","25,00%","16,67%","75,00%","0,00%","25,00%","18,18%","0,00%","18,18%","9,09%","36,36%","0,00%","9,09%","0,00%","0,00%","0,00%","0,00%","9,09%",5_12,1_12,5_12,1_12,12_12,4_12,5_12,3_12,3_12,7_12,5_12
16274,21.07.1944,"54,55%","9,09%","18,18%","18,18%","50,00%","8,33%","16,67%","25,00%","75,00%","8,33%","16,67%","0,00%","0,00%","9,09%","18,18%","54,55%","9,09%","9,09%","0,00%","0,00%","0,00%","0,00%","0,00%",5_12,4_12,5_12,5_12,5_12,6_12,5_12,4_12,3_12,7_12,4_12